name,image,actual_price
"Lloyd 1.5 Ton 3 Star Inverter Split Ac (5 In 1 Convertible, Copper, Anti-Viral + Pm 2.5 Filter, 2023 Model, White, Gls18I3...",images\31UISB90sYL._AC_UL320_.jpg,58990
"LG 1.5 Ton 5 Star AI DUAL Inverter Split AC (Copper, Super Convertible 6-in-1 Cooling, HD Filter with Anti-Virus Protectio...",images\51JFb7FctDL._AC_UL320_.jpg,75990
"LG 1 Ton 4 Star Ai Dual Inverter Split Ac (Copper, Super Convertible 6-In-1 Cooling, Hd Filter With Anti Virus Protection,...",images\51JFb7FctDL._AC_UL320_.jpg,61990
"LG 1.5 Ton 3 Star AI DUAL Inverter Split AC (Copper, Super Convertible 6-in-1 Cooling, HD Filter with Anti-Virus Protectio...",images\51JFb7FctDL._AC_UL320_.jpg,68990
"Carrier 1.5 Ton 3 Star Inverter Split AC (Copper,ESTER Dxi, 4-in-1 Flexicool Inverter, 2022 Model,R32,White)",images\41lrtqXPiWL._AC_UL320_.jpg,67790
"Voltas 1.4 Ton 3 Star Inverter Split AC(Copper, Adjustable Cooling, Anti-dust Filter, 2023 Model, 173V Vectra Platina, White)",images\41TuyxwZ9mL._AC_UL320_.jpg,70990
"Lloyd 1.0 Ton 3 Star Inverter Split Ac (5 In 1 Convertible, Copper, Anti-Viral + Pm 2.5 Filter, 2023 Model, White With Chr...",images\31IXlxIPsOL._AC_UL320_.jpg,49990
"Lloyd 1.5 Ton 5 Star Inverter Split Ac (5 In 1 Convertible, Copper, Anti-Viral + Pm 2.5 Filter, 2023 Model, White With Chr...",images\31IXlxIPsOL._AC_UL320_.jpg,67990
"Carrier 1 Ton 3 Star AI Flexicool Inverter Split AC (Copper, Convertible 4-in-1 Cooling,Dual Filtration with HD & PM 2.5 F...",images\51sTXvsanQL._AC_UL320_.jpg,58190
"Voltas 1.5 Ton, 5 Star, Inverter Split AC(Copper, 4-in-1 Adjustable Mode, Anti-dust Filter, 2023 Model, 185V DAZJ, White)",images\51WQ3nWF0vL._AC_UL320_.jpg,73990
"Redmi 10 Power (Power Black, 8GB RAM, 128GB Storage)",images\81eM15lVcJL._AC_UL320_.jpg,18999
"OnePlus Nord CE 2 Lite 5G (Blue Tide, 6GB RAM, 128GB Storage)",images\71AvQd3VzqL._AC_UL320_.jpg,19999
"OnePlus Bullets Z2 Bluetooth Wireless in Ear Earphones with Mic, Bombastic Bass - 12.4 Mm Drivers, 10 Mins Charge - 20 Hrs...",images\51UhwaQXCpL._AC_UL320_.jpg,2299
"Samsung Galaxy M33 5G (Mystique Green, 6GB, 128GB Storage) | 6000mAh Battery | Upto 12GB RAM with RAM Plus | Travel Adapte...",images\81I3w4J6yjL._AC_UL320_.jpg,24999
"OnePlus Nord CE 2 Lite 5G (Black Dusk, 6GB RAM, 128GB Storage)",images\71V--WZVUIL._AC_UL320_.jpg,19999
"Redmi 10 Power (Sporty Orange, 8GB RAM, 128GB Storage)",images\81OZGH4fZiL._AC_UL320_.jpg,18999
"boAt Airdopes 141 Bluetooth Truly Wireless in Ear Earbuds with mic, 42H Playtime, Beast Mode(Low Latency Upto 80ms) for Ga...",images\51HBom8xz7L._AC_UL320_.jpg,3995
"Apple 20W USB-C Power Adapter (for iPhone, iPad & AirPods)",images\61vtLhO6fDL._AC_UL320_.jpg,1900
"Fire-Boltt Ninja Call Pro Plus 1.83"" Smart Watch with Bluetooth Calling, AI Voice Assistance, 100 Sports Modes IP67 Ratin...",images\61S9aVnRZDL._AC_UL320_.jpg,19999
"Samsung Galaxy M33 5G (Emerald Brown, 6GB, 128GB Storage) | 6000mAh Battery | Upto 12GB RAM with RAM Plus | Travel Adapter...",images\81lnKynSaqL._AC_UL320_.jpg,24999
Kore Regular Gym Bag,images\715B2hG++tL._AC_UL320_.jpg,59
"Boldfit Resistance Tube with Foam Handles, Door Anchor for Exercise & Stretching, Suitable in Home & Gym Workout for Men &...",images\71l0xZ29TfS._AC_UL320_.jpg,699
"Strauss Exercise Latex Resistance Bands, (Set of 5)",images\71yLuDGjJUL._AC_UL320_.jpg,1049
AUXTER Faux Leather 23 Cms Duffle Bag(AUX_GB_LE_Black -SE_0521_Black),images\71xeudlt5EL._AC_UL320_.jpg,999
Kore PVC 10-40 Kg Home Gym Set with One 3 Ft Curl and One Pair Dumbbell Rods with Gym Accessories,images\81XNzjmXi+L._AC_UL320_.jpg,4090
MAXWELLÂ®FIT-Yoga Mat for Women and Men Fitness (SIZE-4mm) with Carrying Strap Extra Thick & Large Excercise Mat for Workou...,images\61xWyTStjTL._AC_UL320_.jpg,1699
"OJS Skipping Rope for Men and Women Jumping Rope With Adjustable Height Speed Skipping Rope for Exercise, Gym, Sports Fitn...",images\71V7BaHBcqL._AC_UL320_.jpg,999
"Kore PVC DM-5kg-Combo 161 Fixed Dumbbells Set and Fitness Kit for Men and Women Whole Body Workout, Multicolor",images\713zoEM3wlL._AC_UL320_.jpg,499
NIVIA Beast Gym Bag-4 Polyester/Unisex Gym Bags/Shoulder Bag for Men & Women with Separate Shoes Compartment/Carry Gym Acc...,images\51i9ODagRZL._AC_UL320_.jpg,799
"Starx Plastic Xpvc Fixed Dumbbell Set, Adult 1Kg, Set of 2 (Blue)",images\51k8rbleUML._AC_UL320_.jpg,590
"Nutraj 100% Natural Dried Premium California Walnut Kernels, 500g (2 X 250g) | Pure Without Shell Walnut Kernels | Akhrot ...",images\71f5UPOWDqL._AC_UL320_.jpg,998
"Cadbury Bournvita 5 Star Magic Health Drink, 750g Pouch",images\614FIW5c6HL._AC_UL320_.jpg,353
Sugar Free Green Natural Stevia Jar(200 g),images\61rBhkTJ6EL._AC_UL320_.jpg,170
"Daawat Pulav, Long Grains, Fluffy Basmati for finest Pulav, 1 Kg",images\71UO6eXC1QL._AC_UL320_.jpg,139
Tata Tea Gold | Assam teas with Gently Rolled Aromatic Long Leaves | Rich & Aromatic Chai | Black Tea | 500g,images\51kEujuYlpL._AC_UL320_.jpg,295
"Wagh Bakri Premium Leaf Tea, Poly Pack, 500g",images\61kTHO+UX9L._AC_UL320_.jpg,290
"Dabur Vedic Tea - 500gm | Handpicked from Assam, Nilgiri & Darjeeling | Soulful Aroma & Rich Taste | 30+ Ayurvedic Herbs |...",images\61DMPchFPLL._AC_UL320_.jpg,295
"Nescafe Classic Coffee Jar, 200 g with Free Red Mug and Scoop Spoon",images\71ehfHfPCzL._AC_UL320_.jpg,640
BLUE TEA - Chamomile Flower Tea | Pure Whole Flower Buds of Chamomile || SLEEP TEA & STRESS RELIEF || Herbal Tea - Caffein...,images\71qVgLGta9L._AC_UL320_.jpg,399
"Organic Tattva, Organic Wheat Dalia / Daliya, 500g",images\71a5llM7MBL._AC_UL320_.jpg,55
Godrej aer Matic Kit (Machine + 1 Refill) - Automatic Room Fresheners with Flexi Control Spray | Violet Valley Bloom | 220...,images\6121tV2hW9L._AC_UL320_.jpg,569.01
"Presto! Oxo-Biodegradable Garbage Bags, Large (24 x 32 inches) - 15 bags/roll (Pack of 6, Black)",images\71-2fEBGZDL._AC_UL320_.jpg,480
Happilo 100% Natural Premium 200g Whole Cashews | Whole Crunchy Cashew | Premium Kaju nuts | Nutritious & Delicious | Glut...,images\71tYPz++3+L._AC_UL320_.jpg,335
beatXP Kitchen Scale Multipurpose Portable Electronic Digital Weighing Scale | Weight Machine With Back light LCD Display...,images\61Is7sICRJL._AC_UL320_.jpg,1999
"Dettol Antiseptic Liquid for First Aid , Surface Disinfection and Personal Hygiene , 1000ml",images\51fFgtFBshL._AC_UL320_.jpg,364
"Scotch Double Sided Heavy Duty Tape(1m holds 4.5Kgs) for indoor hanging applications (Photo frames, Mirrors, Key Holders, ...",images\815GcGXjjFL._AC_UL320_.jpg,165
"Good knight Gold Flash, Mosquito Repellent Refill | 45ml each (Pack of 4)",images\71LtQCvMu4L._AC_UL320_.jpg,316
"Bajaj DX-6 1000W Dry Iron with Advance Soleplate and Anti-bacterial German Coating Technology, White",images\61qgKaW71mL._AC_UL320_.jpg,1400
"Maggi 2-Minute Masala Instant Noodles, 420 grams Pouch",images\71duk+o9d1L._AC_UL320_.jpg,82
STRIFF Adjustable Laptop Tabletop Stand Patented Riser Ventilated Portable Foldable Compatible with MacBook Notebook Table...,images\71Zf9uUp+GL._AC_UL320_.jpg,1499
"Meat Up Chicken Flavour Real Chicken Dog Biscuit For All Life Stages, 1kg (Buy 1 Get 1 Free)",images\81eKrwo4VKL._AC_UL320_.jpg,349
"Purepet Ocean Fish Adult Dry Cat Food, 1.2kg",images\71N9qXb6rCL._AC_UL320_.jpg,239
"Purepet Mackerel Adult Dry Cat Food, 1.2 kg",images\71CZOKVVeVL._AC_UL320_.jpg,239
"Drools Chicken and Egg Adult Dry Dog Food, 3 kg with Free 1.2 kg",images\71NrhVNqHhL._AC_UL320_.jpg,699
"Pedigree Adult Dry Dog Food, Chicken & Vegetables Flavour, 3kg Pack",images\61Gm70FJSxL._AC_UL320_.jpg,810
"Pedigree Adult Wet Dog Food, Chicken and Liver Chunks Flavour in Gravy with Vegetables, 15 Pouches (15 x 70g)",images\61AVZoaBbXL._AC_UL320_.jpg,750
"Pedigree Puppy Dry Dog Food, Chicken & Milk, 3kg Pack",images\61IUJIyK2yL._AC_UL320_.jpg,760
"Drools Absolute Calcium Bone Jar, Dog Treats For All Life Stages - 40 Pieces (600g)",images\6140NhEjjiL._AC_UL320_.jpg,460
"Drools Chicken and Egg Puppy Dry Dog Food, 3kg with Free 1.2kg",images\71ZTpFAClLL._AC_UL320_.jpg,699
"Drools Optimum Performance Adult Dry Dog Food, Chicken Flavor, 10kg",images\71PKpcLG-3L._AC_UL320_.jpg,1499
"Aqualogica Glow+ Dewy Sunscreen SPF 50 PA+++ For UVA/B & Blue Light Protection, for Glowing & Well Protected Skin, Cream, 50G",images\51TSC6UogxL._AC_UL320_.jpg,399
MARVIK Soft Silicone Adjustable Band Strap Compatible for Oneplus Smart Band & Oppo Smart Band,images\51vYDop04SL._AC_UL320_.jpg,999
108 Panchatantra Stories for Children (Illustrated) - Story Book for Kids - Moral Stories - Bedtime Stories - 3 Years to 1...,images\81VJ+MAc7YL._AC_UL320_.jpg,160
Black and White and Blue: Adult Cinema From the Victorian Age to the VCR,images\51RIhaW3t1L._AC_UL320_.jpg,584.16
SAFARI 15 Ltrs Sea Blue Casual/School/College Backpack (DAYPACKNEO15CBSEB),images\61kmCas5OCL._AC_UL320_.jpg,799
"The Derma Co 1% Hyaluronic Sunscreen Aqua Ultra Light Gel with SPF 50 PA++++ For Broad Spectrum, UV A, UV B & Blue Light P...",images\51x3cj+-iUL._AC_UL320_.jpg,499
"Noise ColorFit Pulse Grand Smart Watch with 1.69""(4.29cm) HD Display, 60 Sports Modes, 150 Watch Faces, Fast Charge, Spo2,...",images\61Q0R5cdxWL._AC_UL320_.jpg,3999
New Fastrack Reflex Beat+ 1.69â€ UltraVU Display|500 Nits Brightness|60 Sports Modes|24*7 Heart Rate Monitor|SpO2 Monitor|S...,images\71E-b8o-1hL._AC_UL320_.jpg,3495
"Soundproof Earmuffs, Anti-Noise Earmuffs Lightweight Compact Adjustment Foldable for Worker for for Shooter(Green)",images\51qHSeg28PS._AC_UL320_.jpg,7238
"ZORBESÂ® Dust Cover for SONY PS5 Console, Dust Proof Cover Protective Case Anti Scratch Waterproof Case for Sony PlayStatio...",images\41YdhN7LJ+L._AC_UL320_.jpg,1262
"Luv Lap Liquid Cleanser, Anti-Bacterial, Food Grade, For Baby Bottles, Accessories and Vegetables, 1.5ltr",images\71p5fCtiCnL._AC_UL320_.jpg,669
"Luv Lap LuvLap Aqua Tales Baby Bather for Baby 0-12 Months, New Born Baby Bath Chair, 3 Position Adjustable, Washable Soft...",images\91JNkTWv4TL._AC_UL320_.jpg,1599
"The Moms Co. Natural Baby Massage Oil with 10 Oils - Sesame Oil, Avocado, Organic Almond, Organic Jojoba, Organic Chamomil...",images\71EQE76D+hL._AC_UL320_.jpg,474
"Chicco Baby Moments Mild Body Wash Refresh, New Advanced Formula With Natural Ingredients, No Tears & Soap-Free, Mild Form...",images\61wYdjU9N6L._AC_UL320_.jpg,479
"Cetaphil Baby Mild Bar 75gm, Kids Soap for Bath, White, Medium",images\61LHzpekqBL._AC_UL320_.jpg,218
Johnson's Baby Hair Oil 200ml (Pack of 2),images\81hkkvfo1kL._AC_UL320_.jpg,320
"Luv Lap Bubbles Kids Manual Toothbrush with Soft Bristles, BPA Free, Suction Cup, 33 tuft bristles,Multicolor Boys & Girls...",images\61KD6eC2srL._AC_UL320_.jpg,59
"Chicco Baby Moments Soap, New Advanced Formula with Natural Ingredients, Suitable for Babyâ€™s Gentle Skin, Moisturizing & H...",images\71K4JGLmeHL._AC_UL320_.jpg,285
BeeBaby Classic Powder Puff with Container for Baby (Blue) | Soft Touch. 100% BPA Free.,images\61+T2A8EfWL._AC_UL320_.jpg,170
Good knight 100% Natural Mosquito Repellent Fabric Roll-On | Paediatrician Certified | 8-Hour Protect | Citrus - 8 ml,images\61OUdCB+MOL._AC_UL320_.jpg,75
EIO New Born Baby Gift Set -13 Piecess (Pink),images\61X3IMp9dvL._AC_UL320_.jpg,1499
"exciting Lives - Vintage Motorbike Pocket Watch Keychain - Gift for Birthday, Anniversary - for Brother, Boyfriend, Friend...",images\71f3rkWNAFL._AC_UL320_.jpg,699
Jewel string by Bk arts Evil Eye Baby Nazaria adjustable (1pair) Size for newborn baby to 3 year child girl boy (unisex) n...,images\51Fc5epiN1L._AC_UL320_.jpg,799
Superminis Unisex-baby's Bootie,images\71MNqAzGnAL._AC_UL320_.jpg,899
"My Newborn Baby Mittens Caps Gloves and Booty Combo Set - Pair of 3 (Assorted Colours, 0-3 Months) | Unisex Booty Set | Du...",images\61CHRBjLTdL._AC_UL320_.jpg,900
DHRUVS COLLECTION 92.5 Pure Silver Black Beads Crystal Nazariya Bracelet for Baby Boys & Girls - Set of 2,images\618KZ5Vlo0L._AC_UL320_.jpg,1599
Bold N Elegant - Be Bold Inside & Elegant Outside Kid's Cotton T-Shirt,images\512Fau61yGL._AC_UL320_.jpg,1999
NPRC Unisex Wool Cap (436_Multicolor_M),images\A1hUaXW-HmL._AC_UL320_.jpg,499
SooWooÂ® Boyâ€™s Anti-Skid Grip Cotton Socks,images\81mJmWUJT+L._AC_UL320_.jpg,1299
Coolz Kids Chu-Chu Sound Musical First Walking Sandals C-06 for Baby Boys and Baby Girls Age 12-24 Months,images\810iMPEu00L._AC_UL320_.jpg,499
Skybags Brat Black 46 Cms Casual Backpack,images\810s53kR8tL._AC_UL320_.jpg,2100
Wesley Milestone 2.0 Casual Waterproof Laptop Backpack/Office Bag/School Bag/College Bag/Business Bag/Travel Backpack (Dim...,images\811AxL+qTpL._AC_UL320_.jpg,1199
Gear Aspire 30L Water Restant Office Laptop Bag/Backpack for Men/Women/(Black),images\81BCsKS7WuL._AC_UL320_.jpg,2899
"Genie Iridescence School Bag for Girls, 17 inch Backpack for Women, 3 compartments Water Resistant Stylish and Trendy Coll...",images\71HWNZIjMvL._AC_UL320_.jpg,2339
"FUR JADEN Anti Theft Number Lock Backpack Bag with 15.6 Inch Laptop Compartment, USB Charging Port & Organizer Pocket for ...",images\61egMfcDWlL._AC_UL320_.jpg,2000
"Safari Hitech 35 Ltrs Water Resistant Backpack - Blue, L (Hitech19Cbblu)",images\71hNHEiIfYL._AC_UL320_.jpg,2299
Half Moon 35 L Waterproof Laptop College School Office Bag Backpack for Men Women Boys Girls with 15.6 inch Padded Laptop ...,images\81oUvlsYcnL._AC_UL320_.jpg,1799
Gear CarryOn 16L Foldable Water Resistant School Bag//Backpack/College Bag for Men/Women - Blue Black,images\81KHT04JtvL._AC_UL320_.jpg,498
"American Tourister VALEX BLUE LAPTOP BACKPACK 28 Ltrs,Volume, LAPTOP COMPARTMENT, BOTTLE POCKET, FRONT ORGANIZER",images\81yWRCC7YcL._AC_UL320_.jpg,2500
Jaspo Kidzyy Steel Badminton Racquet with 6pc. Nylon Shuttle (Suitable for Kids)-Made in India (Orange),images\816z1d69TWL._AC_UL320_.jpg,800
"Klapp Double Shaft Badminton Rackets, with 20 Shuttlecock (with Net) -Multicolor - Set of 6",images\71UA11w-CiL._AC_UL320_.jpg,1899
Asics Gel-Courtmov+ Men's Badminton Shoe - Azure/Butter,images\61oMT8DdsaL._AC_UL320_.jpg,3799
"FEROC Fighter Aluminum Badminton Racquet Set of 2 with- 3 Pieces Feather SHUTTLES Badminton kit, Red",images\6151mW348FL._AC_UL320_.jpg,699
"Amazon Brand - Symactive Badminton Kit with 2 Racquets for Intermediate Players and Nylon Shuttles, S333",images\812D6PJq1LS._AC_UL320_.jpg,1179
"Yonex AC148EX-3 Moist Super Badminton Grip, Yellow",images\61xZFvHP3hL._AC_UL320_.jpg,1040
"Li-Ning AKSP841-2SR Badminton Shorts for Men, Black/Gold",images\41fKFazlL1L._AC_UL320_.jpg,999
"Yonex Voltric 25I Strung Badminton Racquet, 5U/G5 Blue, Graphite",images\61pzQJ9ZBCL._AC_UL320_.jpg,2990
NONGI Combo Plus Plastic Badminton Shuttlecock Pack of 15(10Yellow + 5 White),images\71FfxvGL84L._AC_UL320_.jpg,550
Vector X CS-2040 Badminton Shoes (White-Black),images\31me0BCg5SL._AC_UL320_.jpg,1790
WOW Skin Science Vitamin C Serum for Skin whitenening - Brightening and Hyperpigmentation. Genuine 20% - 30ml,images\71-RGUlIkoL._AC_UL320_.jpg,699
"Dot & key Lip Plumping Mask Vitamin C + E (Lingenberry), 15ml",images\51kfbv8mGiL._AC_UL320_.jpg,295
"Park Avenue Signature Collection Premium Body Spray for Men, 2 Voyage & 1 Neo FREE, Fresh Long Lasting Fragrance (Pack of ...",images\81thnD6HwDL._AC_UL320_.jpg,480
"Sanfe Spotlite Sensitive Body Serum For Dark Underarms, Inner Thighs and Sensitive Areas | 10X Powerful, Enriched with Koj...",images\61-1+OUySDL._AC_UL320_.jpg,399
"Temperia Leg, Heel & Foot Scrubber for Dead Skin - Very Sharp & Big (11*3 inch) - Pedicure & Feet Scrub Tools, Foot Scrape...",images\71SSLoMZuZL._AC_UL320_.jpg,599
"EXO Cyclozan - Round, 500g Box with free scrubber",images\61BLaDOomiL._AC_UL320_.jpg,60
Himalaya Extra Moisturizing Baby Soap (75g),images\714jKt8fJJL._AC_UL320_.jpg,165
"Glow & Lovely Advanced Multivitamin Face Cream 110 g, Daily Skin Brightening Face Moisturizer for Glowing Skin, SPF 15 Wit...",images\51wMHyvh12L._AC_UL320_.jpg,246
"Neutrogena Oil Free Acne Wash For Acne Prone Skin With Salicylic Acid, 175ml",images\515l3roH2LL._AC_UL320_.jpg,675
Mamaearth Onion Shampoo for Anti Hair Fall & Hair Growth with Onion Oil & Plant Keratin 400ml,images\51E1z9JY0vL._AC_UL320_.jpg,499
"SanDisk UltraÂ® microSDXCâ„¢ UHS-I Card, 64GB, 140MB/s R, 10 Y Warranty, for Smartphones",images\7180ZAZmERL._AC_UL320_.jpg,1000
Samsung EVO Plus 128GB microSDXC UHS-I U3 130MB/s Full HD & 4K UHD Memory Card with Adapter (MB-MC128KA),images\61fkOHNmzpL._AC_UL320_.jpg,2699
"SanDisk UltraÂ® microSDXCâ„¢ UHS-I Card, 128GB, 140MB/s R, 10 Y Warranty, for Smartphones",images\71jsEFJtRRL._AC_UL320_.jpg,1800
"SanDisk Ultra microSD UHS-I Card 32GB, 120MB/s R",images\61MHVeEPw3L._AC_UL320_.jpg,700
"Tygot Adjustable Aluminium Alloy Tripod Stand Holder for Mobile Phones & Camera, 360 mm -1060 mm (42 Inch), 1/4 inch Screw...",images\51jx8hycZUL._AC_UL320_.jpg,1999
Samsung EVO Plus 64GB microSDXC UHS-I U1 130MB/s Full HD & 4K UHD Memory Card with Adapter (MB-MC64KA),images\61rnCkrurxL._AC_UL320_.jpg,1899
Fujifilm Instax Mini Picture Format Film (20 Shots),images\61bTAgzzjBL._AC_UL320_.jpg,999
"Syvo WT 3130 Aluminum Tripod (50 Inches), Universal Lightweight Tripod with Mobile Phone Holder Mount & Carry Bag for All ...",images\61H1dMNTSnL._AC_UL320_.jpg,3990
"Gizga Essentials Professional 3-in-1 Cleaning Kit for Camera, Lens, Binocular, Laptop, TV, Monitor, Smartphone, Tablet (In...",images\81mP6za2sRL._AC_UL320_.jpg,499
"tizum HDMI to VGA Adapter/ Connector/ Converter Cable 1080P (Male to Female) for Media Players, Xbox, Projector, Computer,...",images\61F4szMc-gL._AC_UL320_.jpg,499
MI Xiaomi Wireless Home Security Camera 2i 2022 Edition | Full HD Picture | 360 View | 2MP | AI Powered Motion Detection |...,images\51hkb1CYemL._AC_UL320_.jpg,4499
"Tygot 10 Inches Big LED Ring Light for Camera, Phone tiktok YouTube Video Shooting and Makeup, 10"" inch Ring Light with 7 ...",images\61YAs1cH9xL._AC_UL320_.jpg,1999
CP PLUS 2MP Full HD Smart Wi-f CCTV Home Security Camera |360Â° with Pan Tilt | View & Talk | Motion Alert | Night Vision |...,images\31Nk80-hUUL._AC_UL320_.jpg,3700
JVCVÂ® Carbon Fiber Pattern Key Cover Compatible for Kia Seltos Sonet Carens Push Button Start Car Key (Black),images\61bWdTnYFuL._AC_UL320_.jpg,599
Amazon Brand - Solimo Anti Skid Grass Car Mat - Grass mat (Grey) | Polyvinyl Chloride | Passenger Car,images\A16mnaaBuML._AC_UL320_.jpg,2990
"Autofact Car Body Cover for Maruti Baleno (2015 to 2021) with Mirror and Antenna Pocket (Light Weight, Triple Stitched, He...",images\710sas0zwbL._AC_UL320_.jpg,1999
"Fabtec Car Body Cover Compatible with Hyundai Elite i20 with Mirror & Antenna Pockets (Heavy Duty, Full Sized, Triple Stit...",images\61T-od051wL._AC_UL320_.jpg,1399
myTVS 100 psi Analog Air Champ Car Tyre Inflator with 1 Year Warranty Car Air Pump (TI-15),images\4158GsDWjlL._AC_UL320_.jpg,1650
GREENWORLD Black Color Fob Key Heavy Duty Keychain for To-yota Car Key Compatible With Innova/Glanza/Urban Cruser etc,images\41aMg70eFCL._AC_UL320_.jpg,999
FlagSource Indian Miniature Car Dashboard Flag with Nano ABS Base (Chrome),images\81fePo16nVL._AC_UL320_.jpg,599
Care-car-keyï¿½ For mahindra Replacement 3 Button Remote Front Half Body Car Key Shell/Case/Body for Centre Locking/Key Less...,images\71EdF6xzqVL._AC_UL320_.jpg,799
"Autofact Car Body Cover for Honda City Ivtech (2009 to 2013) with Mirror and Antenna Pocket (Light Weight, Triple Stitche...",images\714YO95OnGL._AC_UL320_.jpg,1999
"CONVRT Â® Paper Car Disposable Foot Mat for Passenger Car, Bus, Van, Truck, Crew Cab, Trailer, SUV, Scooter (Brown, Univers...",images\817Cwkdk+vL._AC_UL320_.jpg,2375
Clean ChamÂ® Liquid Absorbing Chamois Cloth for Car Cleaning Microfiber Cloth Small 1 Piece 43 CM x 32 CM,images\51QpBpTTBQL._AC_UL320_.jpg,350
KHADIJA 1200W 7 Inch Electric Car Polisher Machine 6 Months Warranty Combo With Backup Pad And Wool Buffing Pad Double Ins...,images\71zP3rSXR0L._AC_UL320_.jpg,7999
"VMTC Tap Connector Set (2 Quick Connector, 1 tap Connector & Adapter) for Gardening & Pressure Washer Like Karchre, Bosch,...",images\71niDOUbw8L._AC_UL320_.jpg,999
KARCHER K 2.050 HIGH Pressure CAR Washer,images\51ODU7VRAeL._AC_UL320_.jpg,10999
3m Car Care Cream Wax & 3m Microfiber Cloth,images\51Pdde9M1RL._AC_UL320_.jpg,1034
WavexÂ® Rubbing Compound Heavy Cut (460gm) Super Heavy Hard Cut,images\71JIHONLGjL._AC_UL320_.jpg,357
RESIL VISTA AC Vent Kleen Hygiene Foam (450ml),images\51JCL40q1SL._AC_UL320_.jpg,590
LivronicÂ® Removable Telescopic Car Wax Drag Nano Fiber Car Wash Brush Car Dusting Tool Car Mop Wax Dash Duster Exterior In...,images\71gcuOXbq8L._AC_UL320_.jpg,999
Wavex Grit Safe and Detailing Car Wash Bucket,images\81PECLty8zL._AC_UL320_.jpg,1400
"foxcare Leather Cleaner and Leather Detailer Kit for Use on Leather Apparel, Furniture, Car Interiors, Shoes, Boots, Bags...",images\81zYbh9Dy+L._AC_UL320_.jpg,1398
Electronic Spices 2.75 Inch 4Ï‰ (Ohm) 400w Max Power Dome Tweeter Speaker,images\61G5k3T0ffL._AC_UL320_.jpg,199
"ZQWINT Bluetooth Car Adapter, Mini USB Bluetooth 5.0 Transmitter Receiver Wireless 3.5mm Aux Jack Adapter Hands-Free Car K...",images\51NLOKwNsLS._AC_UL320_.jpg,999
PROTECTRON 6.35X32mm GLASS FUSE/INVERTER FUSE - 1A (Pack of 10),images\71St2ruv+NL._AC_UL320_.jpg,105
Cave Maruti Suzuki Male-Female Stereo Coupler Harness For All Suzuki Cars.,images\31npb8UF2yL._AC_UL320_.jpg,873
COVERBLACK Rubber Back Cover for Infinix X6815B / Zero 5G 2021 - Transparent,images\611zXbVxbNL._AC_UL320_.jpg,799
"Die Hard Dual Purpose 360-Degree Rotating Mobile Car Mount Holder Stand for Windscreen, Dashboard & Table Desk with Double...",images\61lS3DsWxUL._AC_UL320_.jpg,1299
ESPtronics 4.1 Amplifier Board 12v DC Home Theater Kit Board Amplifier Circuit with Bass Boost and Treble Support TDA2030 ...,images\51fyQT38DJL._AC_UL320_.jpg,998
WEONÂ® Tiny Subwoofer Preamp kit with Volume Control for Tight Bass | Low Pass Filter | Bass Board | Inbuilt Gain | DC Sing...,images\71xLX6DuYKL._AC_UL320_.jpg,396
"jiaruixin 6 Volt Kids Ride On Car Charger, 6V Battery Charger for Kid Trax Toddler Quad Hello Kitty SUV Battery Supply Pow...",images\61CoaaZnhsL._AC_UL320_.jpg,999
Ceuta Retails Motorcycle Phone Holder with USB Charger 360 Rotation Bike Mobile Charger Fast Charging Bike Mobile Holder (...,images\41p7LZlyhNS._AC_UL320_.jpg,1599
INNOVQARAJ Bike Ind Number Plate with Standard Size Frame,images\81Q7MqWfNML._AC_UL320_.jpg,1200
Lukzer 2PC Car Back Pain Relief Lower Back Support for Chair Orthopedic Sciatica Pain Relief Lumbar Back Rest/Men Women Ve...,images\8176B7ainaL._AC_UL320_.jpg,699
MANKY Car USB Atmosphere Ambient Star Light car interior lights LED decorative armrest box car roof full star projection l...,images\71pCHMvbPYL._AC_UL320_.jpg,300
Allextreme EXT15CW Universal T10 LED Parking Light 5630 CMD Super Bright Interior Pilot License Plate Dome Indicator Lamp ...,images\61I3P4H1kqL._AC_UL320_.jpg,135
"Bosch 3397006509E7W/3397016583KTS Clear Advantage 24-CA Front Wind Shield Wiper Blade for Cars, 24""",images\51CEd2zKZ5L._AC_UL320_.jpg,515
"Car Fan, Mini USB Fan for Car Air Vent Mounted, 3 Speeds Car Vent Fan with RGB Lighting & Clip, 90Â°Auto Oscillation & 360Â°...",images\81xgreJO2oL._AC_UL320_.jpg,4999
"GEAR GUARD - GIVE LIFE TO YOUR DEVICE Hyundai New Creta 2020, SX SX O Auto, Accessories Infotainment System Unbreakable Sc...",images\71+Wua6WbdL._AC_UL320_.jpg,999
Bosch Eco Wiper Blade 3397010053 - 21 Inches and 19 inches Wiper Blades for Passenger Cars - Set of 2,images\41pvwx9zEiL._AC_UL320_.jpg,444
AllExtreme EXDL16G 16 LED Universal Car Interior Super Bright Roof Light Reading Dome Bulb Lamp with Festoon Holder (1 PC),images\611-2MnxMvL._AC_UL320_.jpg,135
"ELTRON TURBO ELT5412X20 Original Imported 12V DC Power 15 LED Fog Light, Waterproof Head Lamp, Bar Light Universal For All...",images\81isG7OKmSL._AC_UL320_.jpg,999
"AGARO Spark Motorized 1.5 Hp Folding Treadmill with 100 Kgs Max User Weight, 12 Automatic Workout Programs with Built-in S...",images\81yOBp29AhL._AC_UL320_.jpg,40990
"Voroly Portable Under Desk Bike Pedal Exerciser Cycle for Adults & Seniors Physical Therapy Workout Equipment (VR-30ABC, B...",images\51glnFTMYOL._AC_UL320_.jpg,2999
Dolphy Rowing Machine Indoor Rower Exercise Machine with 12 Gear Adjustable Resistance | Digital Monitor for Home Gyms Fit...,images\61nOcICjUnL._AC_UL320_.jpg,19999
"FITTYFY INALSA Spin Bike Exercise Bike FFSB 06 with 6Kg Flywheel| Adjustable Resistance, Heart Rate Sensor| Bottle & Bottl...",images\617ZvbimiSL._AC_UL320_.jpg,29999
Cardio Max JSB HF145 Desk Cycle Pedal Exerciser Mini Bike with Digital Display,images\61Fof-X0MqL._AC_UL320_.jpg,2950
Zorex HGZ-1002 Home Gym Machine All in one equipments for Men Workout Machine Chest Biceps Shoulder Back Triceps Legs Musc...,images\71vMcnwAxOL._AC_UL320_.jpg,23490
"Dolphy Fitness Stair Stepper with LCD Monitor, Portable Twist Stair Stepper Household Hydraulic Mute Stepper for Home Gym",images\51gvbyu7rXL._AC_UL320_.jpg,9999
"LETSPLAYÂ® Indoor Upright Exercise Bike with Matt Black Frame Handlebar Aluminum Pedals Ergonomic Seat for Home, Workout & ...",images\51CsslvCk7L._AC_UL320_.jpg,29999
"Fitmen Treadmill Magnetic Safety Key for All Type Tread Mill, Model No TMSK07.",images\81-SZrpnZaL._AC_UL320_.jpg,550
BIONFIT ON05M Patented Air Bike Exercise cycle with attached Resistance Tube & Moving Handles & Abs Twister+Back Support S...,images\71HdQzFtVoL._AC_UL320_.jpg,
Sparx mens Sd9039g Sneakers,images\51e48JV2GfL._AC_UL320_.jpg,999
Sparx Mens Sm-439 Sneaker,images\71gVtJPjZZL._AC_UL320_.jpg,699
crocs Unisex Adult Slate Grey/Lime Punch Bayaband Clog 205089-0GX M8W10,images\810I1APNbmL._AC_UL320_.jpg,4495
crocs Unisex Adult Slate Grey/Lime Punch Bayaband Clog 205089-0GX M9W11,images\810I1APNbmL._AC_UL320_.jpg,4495
crocs unisex-adult Bayaband Clog NAVY/PEPPER Clog - 9 UK Men/ 10 UK Women (M10W12) (205089-4CC),images\712Brp0hwfL._AC_UL320_.jpg,3495
crocs Bayaband Unisex-Adult SLATEGREY/LIMEPUNCH_N Clog - 9 UK Men/ 10 UK Women (M10W12) (205089-0GX),images\71Va1SsE3rL._AC_UL320_.jpg,4495
crocs unisex-adult Bayaband Clog SLATE GREY/LIME PUNCH Clog - 6 UK Men/ 7 UK Women (M7W9) (205089-0GX),images\61LCRvTH7BL._AC_UL320_.jpg,3495
crocs unisex-adult Bayaband Clog,images\61A0JAzTUOL._AC_UL320_.jpg,4495
"BATA Mens Boss-Slick Formal Shoes, (8516051), Black",images\71DN-vAkLoL._AC_UL320_.jpg,1099
crocs unisex-adult Bayaband Clog Clog,images\712Brp0hwfL._AC_UL320_.jpg,3495
"TE-A-ME Purify Green Tea, 100 Tea Bags | Green tea bags 100 pcs | Green Tea | Green Tea 100 Tea Bag Pack",images\71fNICQ+fJL._AC_UL320_.jpg,325
Bevzilla 200 Gram 100% Arabica Instant Classic Strong Coffee Powder | Premium Coffee| Strong Coffee| Classic Coffee| Espre...,images\71xwcJP81WL._AC_UL320_.jpg,799
Tata Tea Premium | Desh Ki Chai | Unique Blend Crafted For Chai Lovers Across India | Black Tea | 500g,images\61z40Qqq-eL._AC_UL320_.jpg,255
"Nescafe Gold Rich and Smooth Coffee Powder, 95g Glass Jar (Weight May Vary Upwards)",images\61H7ZKZXK+L._AC_UL320_.jpg,520
"Davidoff CafÃ© Espresso 57 Intense Instant Ground Coffee, 100 g Bottle, Glass Bottle",images\61stTyerhLL._AC_UL320_.jpg,650
"Mala's Fruit Mocktail Syrup, Blue Curacao Mocktail, 750ml",images\714g+rBhGFL._AC_UL320_.jpg,299
Real Fruit Power Mixed Fruit Juice 1L| No Added Preservatives,images\718s5Hnzt-L._AC_UL320_.jpg,125
"B Natural Mixed Fruit, Goodness of fiber, Rich in Vitamin C & E, Made with 100% Indian Fruit and 0% Concentrate, 1 litre (...",images\91Zz6QbhjdL._AC_UL320_.jpg,260
Bru Instant | Aromatic Coffee From South Indian Plantations | Premium Blend of Robusta & Arabica Beans For a Rich Coffee E...,images\612gMtYy6aL._AC_UL320_.jpg,420
"Coca-Cola Zero Sugar, No Calories Soft Drink Can, 300 ml",images\51JEkuKPiSL._AC_UL320_.jpg,40
"Himalaya Total Care Baby Pants Diapers, Small, 80 Count, Upto 4-8 kg, White, S",images\810VDt-vR+L._AC_UL320_.jpg,1120
"Little's Baby Pants Diapers,Small (S),4-8 kg,42 Count, with Wetness Indicator & 12 Hours Absorption",images\715e4ZYF7jL._AC_UL320_.jpg,399
"Little's Comfy Baby Pants - Premium, 12 Hours Absorption, Wetness Indicator, Cotton Soft, Large,White, 62 Count",images\81Z+SsmZNuL._AC_UL320_.jpg,999
"Little's Soft Cleansing Baby Wipes with Aloe Vera, Jojoba Oil and Vitamin E (80 wipes) pack of 2",images\71XAO+WcGtL._AC_UL320_.jpg,380
"Johnson's Baby Skincare Wipes with Lid, 72s Twin Pack (Buy 2 Get 1 Free) (432 Wet Wipes), White",images\61vUG2KPY1S._AC_UL320_.jpg,1290
"Pampers All round Protection Pants, Small size baby diapers (4-8kg) 56 Count, Anti Rash diapers, Lotion with Aloe Vera",images\71xokYLT8+L._AC_UL320_.jpg,849
"Pampers Active Baby Taped Diapers, Small size diapers, (SM) 46 count, taped style custom fit",images\7171qOOgrCL._AC_UL320_.jpg,775
"Pampers All round Protection Pants,Double Extra Large size baby Diapers(XXL) 28 Count (15-25Kg) Lotion with Aloe Vera",images\71jWTg+0C4L._AC_UL320_.jpg,799
Himalaya Gentle Baby Shampoo (200ml),images\41GEa7EL6FL._AC_UL320_.jpg,185
"Supples-Comfy Pants-L-30 Pants, 9-14 kg",images\71XT6KR4nfL._AC_UL320_.jpg,399
"MuscleBlaze Beginner's Whey Protein (Chocolate, 1 kg / 2.2 lb) No Added Sugar, Faster Muscle Recovery & Improved Strength",images\61kakn7F+rL._AC_UL320_.jpg,1749
Endura Mass Weight Gainer - 500 g (Chocolate),images\81hcIJfQLTL._AC_UL320_.jpg,625
"Neuherbs Skin Collagen, 210g | Collagen Supplement for Women and Men with Biotin, Vitamin C, E, Antioxidant blend ,For Glo...",images\713Cwx85MbL._AC_UL320_.jpg,999
Carbamide Forte Melatonin Gummies 10mg for Better Sleep | Sleep Supplement - 60 Veg Gummies,images\71fjiF6Q3yL._AC_UL320_.jpg,795
Carbamide Forte Multivitamin (100 Veg Tablets) for Women with 43 Ingredients,images\718gTJfVzuL._AC_UL320_.jpg,795
Follihair New Nutraceutical Pack of 30N Tablets Bottle,images\51BuPqiRAWS._AC_UL320_.jpg,630
"Fast&Up Creatine Monohydrate (Pack of 250 gms Powder, 83 Servings, Unflavored), Helps Sustain Longer Workout, Muscle Repai...",images\51ewH8BYRsL._AC_UL320_.jpg,1699
UPAKARMA Ayurveda Pure and Natural Shilajit/Shilajeet Resin 15g - Pack of 1,images\61fDkrpk5YL._AC_UL320_.jpg,1450
"Kapiva Dia Free Juice -(2L) | For Holistic Diabetes Care | Amla, Karela, Jamun, Guduchi & 7 More - Super Saver Pack of 2",images\71CRikBcwFL._AC_UL320_.jpg,1098
"Baidyanath Vansaar Triphala Juice, 1l | Helps Weight Management | Constipation Relief | 100% Herbal Juice made with organi...",images\516dm8udaDL._AC_UL320_.jpg,250
"Dog Shampoo & Puppy Shampoo - Naturally Organic Dog Shampoo for Smelly Dogs Grooming Products for Dogs, Deshedding Shampoo...",images\615jTsuszSL._AC_UL320_.jpg,598
QIQIÂ® Dog Bath Brush Body Scrubber Shampoo Dispenser Tick Remover for Shower Bathing and Shedding Soft Silicone Bristles B...,images\41pnFuyp-JL._AC_UL320_.jpg,599
"Foodie Puppies Anti-Bacterial Pet Wet Wipes for Dogs, Puppies, & Pets with Fresh Apple Scent 6""x 8"" - Pack of 100 Wipes |(...",images\716WunDd3pL._AC_UL320_.jpg,998
"MS Pet House Rawhide Dog Chew Bone For Young Dogs, Beef Flavor (3 Inches Pack of 36 Bones)",images\61wFUpTwCGL._AC_UL320_.jpg,1099
"Pedigree PRO Adult Dry Dog Food for Large Breed Active Dog, 3kg Pack",images\81uLWqi+o+L._AC_UL320_.jpg,1160
"Royal Canin Labrador Pellet Adult Dog Food, Meat Flavor, 3 Kg",images\511kC8zTF1L._AC_UL320_.jpg,2600
"PETLICIOUS & MORE Adult Natural Twisted Rawhide Chew Sticks For Dog, Beef (1000 Gm)",images\71E2UMqNElL._AC_UL320_.jpg,800
"Peggy 11 Adjustable Pet Feeder Raised Dog Food Bowl, Water Bowls, Dog Feeding Station H-Base Double Bowl Stand Two Stainle...",images\61LDe2DJneL._AC_UL320_.jpg,999
Medfly Healthcare Defender Plus Dewormer for Dogs Of All Life Stages (10 Tablets),images\819h+K3eFdL._AC_UL320_.jpg,600
AmazonBasics Two Door Top Load Pet Kennel (23-inch),images\71ZmCFU7pqL._AC_UL320_.jpg,2800
ANNI DESIGNER Women's Cotton Blend Printed Straight Kurta with Pant (Pustak Blue),images\61q-JREtrAL._AC_UL320_.jpg,2599
Vaamsi Women's Cotton Blend Printed Kurta Set with Dupatta (VKSKD1238_Blue),images\81rTa+xpERL._AC_UL320_.jpg,4247
SIRIL Women's Printed Poly Silk Saree with Blouse,images\71AYPbuBrhL._AC_UL320_.jpg,1381
FIORRA Women's Maroon Poly Crepe A-line Kurta with Pant and Dupatta,images\81271aov+AL._AC_UL320_.jpg,2599
GoSriKi Women's Cotton Blend Embroidered Straight Kurta with Pant & Dupatta (MYSURU-GS),images\61CSwtvIKsL._AC_UL320_.jpg,2599
GoSriKi Women Saree,images\61Ndm5mnP4L._AC_UL320_.jpg,2599
ANNI DESIGNER Women's Cotton Blend Printed Straight Kurta with Pant (KIDYA),images\617RNsoETPL._AC_UL320_.jpg,2599
Vaamsi Women's Cotton Blend Printed Kurta Pant Dupatta Set (VKSKD1171_Green),images\71ntNcW3OhL._AC_UL320_.jpg,3497
Rangnavi Women Rayon Anarkali Embroidered Printed Kurta Pant and Dupatta Set,images\41HnNEzSeCL._AC_UL320_.jpg,2499
ANNI DESIGNER Women's Cotton Blend Printed Straight Kurta with Palazzo (Pimpli),images\71AQkGYCpdL._AC_UL320_.jpg,2599
Lychee bags Canvas Katie Sling for Girls (Purple),images\91rjlJKX+pL._AC_UL320_.jpg,1199
Redlicchi Women's PU Casual Purse Fashion School Leather Backpack Shoulder Bag Mini Backpack for Women & Girls,images\61A7ASO2KBL._AC_UL320_.jpg,999
Vivinkaa Star Red Canvas Sling Bag for Women,images\71RWb7VerZL._AC_UL320_.jpg,899
CLASSIC FASHION Women's Handbag With Wallet (Set of 2) (CFSN43_Multicolored),images\81rEsZWk3ML._AC_UL320_.jpg,6599
Butterflies Synthetic Women's Wallet,images\51OWXmvqjnL._AC_UL320_.jpg,1299
"H&B Jute Waterproof Lunch Bag for Men and Women, 11x9x6-inches(Multicolour)",images\71thFs3HyyL._AC_UL320_.jpg,899
Diana Korr Myra Women's Handbag (Blue) (DK29HBLU),images\A10A4kQIikL._AC_UL320_.jpg,3999
Diana Korr Women's Handbag (Beige) (DK26HAPR),images\71j73V2WMUL._AC_UL320_.jpg,3999
Hidesign Women's Wallet (White and M Blue),images\71R16cIAhHL._AC_UL320_.jpg,3595
Under Armour Men's Hockey Liner Socks (1 Pair),images\817vAPTNVTL._AC_UL320_.jpg,3950
Puma Women's Glam WNS Sport Sandal,images\51cVFnTFCSL._AC_UL320_.jpg,2999
Luxyfeel Fashion Sandal for Girls and Women | Flat Sandal for women & Girls | Stylish Sandal for Women & Girls,images\51IBSgyvAKL._AC_UL320_.jpg,1499
STRASSE PARIS Amazing Design Women's & Girls Transparent Block Heels Sandal Stylish and Fashionable| Stylish Latest & Tren...,images\616TZINkHaL._AC_UL320_.jpg,1899
Mochi Women White Wedge Heel Slip-on UK/5 EU/38 (34-123),images\51nDP-iEI6L._AC_UL320_.jpg,1990
Catwalk Women's Fashion UK EU US 3882,images\712tmgiNOnL._AC_UL320_.jpg,2195
IMPOINT Women's Patent Slip-On High Heel Sandals,images\71izz41IS3L._AC_UL320_.jpg,395
BATA Women's Gia Sandal,images\61r9a2L0K3S._AC_UL320_.jpg,1299
Do Bhai Women Material Synthtic Stylish Pointed Toe Fashion Heel Sandal - Heena,images\811cJLn4KOL._AC_UL320_.jpg,999
Catwalk Women's Brown Fashion Sandals,images\71Kfvcw+LDL._AC_UL320_.jpg,2259
ZAPATOZ Women's/Girls Casual Pink Stylish Latest Party/Casual Heel Sandals,images\61kaDcgljWL._AC_UL320_.jpg,2999
Puma Unisex-Child Tacto Ii Fg/Ag Junior Football Shoe,images\51SgGEKmqxL._AC_UL320_.jpg,2999
Shrishti Creations Women's Ankle Length Velvet Socks,images\41SfdngTkFL._AC_UL320_.jpg,999
PLUMBURY Women's No-show Net Socks (Pack of 5) (PL-NOSHOWSOCKS-LACE-ASSORTED_5_Multicolored),images\41nv2qt+vHL._AC_UL320_.jpg,799
Nivia 1021OR Blade Machine Stitched Football,images\71a0pxsDfmL._AC_UL320_.jpg,569
Amazon Brand - Symactive Men's Regular Track Pants,images\71oZLTcPR4L._AC_UL320_.jpg,1799
MARK LOUIIS Men's Regular Fit Track pants,images\61gevlJ1+9L._AC_UL320_.jpg,1180
Jockey Men's Relaxed Fit Sweatpants,images\61LkSqfcRIL._AC_UL320_.jpg,1199
"RASCO Joggers for Women, (for Summer ONLY),Stretchable Treggings & Track Pants, Women's Relaxed Fit Rayon Trousers, Wester...",images\51SR0NxEsJL._AC_UL320_.jpg,999
Jockey Men's Regular Track Pants,images\71gzUlcf9iL._AC_UL320_.jpg,1699
"F&B Modern FIFA World Cup New Age Football with Air Pump (Size-5, Multicolor) | White Blue Orange & Yellow",images\41DOpZNf4OL._AC_UL320_.jpg,899
Bangalore Refinery 24k (999.9) 10 gm Yellow Gold Bar,images\61klNXLzIRL._AC_UL320_.jpg,72800
Bangalore Refinery 24k (999.9) 2 gm Yellow Gold Bar,images\61aRW4bh6UL._AC_UL320_.jpg,13200
Malabar Gold & Diamonds 24k (999) Rose 1 gm Yellow Gold Bar,images\61VQiqakxYL._AC_UL320_.jpg,7000
Malabar Gold & Diamonds 24k (999) Rose 2 gm Yellow Gold Coin,images\71h+Tize0oL._AC_UL320_.jpg,13629
Malabar Gold & Diamonds 24k (999) Rose 2 gm Yellow Gold Bar,images\61VQiqakxYL._AC_UL320_.jpg,13629
Malabar Gold & Diamonds 24k (999) Goddess Lakshmi 1 gm Yellow Gold Coin,images\71IUos2Po3L._AC_UL320_.jpg,6959
Malabar Gold & Diamonds 22k (916) 1 gm Yellow Gold Coin,images\71h+Tize0oL._AC_UL320_.jpg,6199
Malabar Gold & Diamonds 22k (916) 1 gm Yellow Gold Coin,images\71IUos2Po3L._AC_UL320_.jpg,6459
Malabar Gold & Diamonds 24k (999) Rose 10 gm Yellow Gold Coin,images\71h+Tize0oL._AC_UL320_.jpg,70000
Malabar Gold & Diamonds 24k (999) Goddess Lakshmi 2 gm Yellow Gold Coin,images\71IUos2Po3L._AC_UL320_.jpg,13629
"boAt Airdopes Atom 81 True Wireless in Ear Earbuds with Upto 50H Playtime, Quad Mics ENx Tech, 13MM Drivers, Beast Mode(50...",images\51NKpc-CnBL._AC_UL320_.jpg,4490
"boAt Airdopes 141 Bluetooth Truly Wireless in Ear Earbuds with 42H Playtime, Beast Mode(Low Latency Upto 80ms) for Gaming,...",images\51tFAbNRaPL._AC_UL320_.jpg,4490
boAt BassHeads 100 in-Ear Wired Headphones with Mic (Black),images\719elVA3FvL._AC_UL320_.jpg,999
"boAt Rockerz 330 Bluetooth Wireless in Ear Earphones with mic, Upto 30 Hours Playtime, ASAP Charge, Signature Sound, Dual ...",images\514sHd2+YyS._AC_UL320_.jpg,3990
"OnePlus Bullets Z2 Bluetooth Wireless in Ear Earphones with Mic, Bombastic Bass - 12.4 Mm Drivers, 10 Mins Charge - 20 Hrs...",images\51RP1QMh-mL._AC_UL320_.jpg,2299
"boAt Airdopes 121v2 in-Ear True Wireless Earbuds with Upto 14 Hours Playback, 8MM Drivers, Battery Indicators, Lightweight...",images\510+wjzq-vL._AC_UL320_.jpg,2990
"OnePlus Nord Buds True Wireless in Ear Earbuds with Mic, 12.4mm Titanium Drivers, Playback:Up to 30hr case, 4-Mic Design +...",images\514NPRZ1AQL._AC_UL320_.jpg,2999
"boAt Airdopes 141 Pro True Wireless in Ear Earbuds with 45H Playtime, Quad Mics Enx Tech, 12mm Drivers, ASAP Charge, Beast...",images\41TWloBD6XL._AC_UL320_.jpg,2990
"Cetaphil Oily Skin Cleanser , Daily Face Wash for Oily, Acne prone Skin , Gentle Foaming, 125ml",images\718NOimjcaL._AC_UL320_.jpg,545
"Kitchengenix's washing machine cleaning tablet, Descaling Powder Tablets, washing machine deep cleaner, Deep Cleaner Table...",images\71yauf-NbdL._AC_UL320_.jpg,999
"Urbangabru Hair Removal cream Spray | Painless Body Hair Removal spray For Chest, Back, Legs & Under Arms (200 ml)",images\71hvuVj6GML._AC_UL320_.jpg,750
Kesh King Ayurvedic Anti Hairfall Hair Oil|Hair Growth Oil| Reduces Hairfall |21 Natural Ingredients | Grows New Hair With...,images\71aiqTDRNGL._AC_UL320_.jpg,349
"Harpic Bathroom Cleaner Liquid, Lemon - 1 Litre (Pack of 2) | New Thicker Bathroom Floor Cleaner | Red Harpic Bottle",images\61cE2Oo-ueL._AC_UL320_.jpg,358
PHILIPS BT3231/15 Smart Beard Trimmer - Power adapt technology for precise trimming- Quick Charge; 20 settings; 60 min run...,images\81L3BIIbF-L._AC_UL320_.jpg,1995
"Gillette Venus Hair Removal Razor for Women with Aloe Vera, 1 Pc",images\71Zo4w+GQEL._AC_UL320_.jpg,249
Neutriderm Moisturising Lotion w/Vitamin E - 125 mL,images\61Cv-Ma+X1L._AC_UL320_.jpg,1000
Exo Dishwash Bar - 700 g (Pack of 2),images\61CwN2uZ9yL._AC_UL320_.jpg,147
"Santoor Classic Handwash, 1500ml",images\51ZtJs3sR+L._AC_UL320_.jpg,199
Bajaj Frore 1200 mm Ceiling Fan (Brown),images\41XJ2wk4M1L._AC_UL320_.jpg,2660
"Bajaj PX 97 Torque New 36L Personal Air Cooler for home with DuraMarine Pump (2-Yr Warranty), Turbo Fan Technology, Powerf...",images\71mdr95IHcL._AC_UL320_.jpg,9050
"BAJAJ PYGMY MINI 110 MM 10 W HIGH SPEED OPERATION, USB CHARGING, MULTI-CLIP FUNCTION PERSONAL FAN",images\816lZp-8R2L._AC_UL320_.jpg,1620
atomberg Renesa 1200mm BLDC Motor 5 Star Rated Ceiling Fans for Home with Remote Control | Upto 65% Energy Saving High Spe...,images\61mhVkkWM-L._AC_UL320_.jpg,5190
"Bajaj PMH 25 DLX 24L Personal Air Cooler for home with DuraMarine Pump (2-Yr Warranty), Turbo Fan Technology, Powerful Air...",images\61o4Iv+vdBL._AC_UL320_.jpg,7360
CROMPTON SUREBREEZE SEA Sapphira 1200 mm (48 inch) Ceiling Fan (Lustre Brown) 1 Star,images\41APqPHuqtL._AC_UL320_.jpg,2599
"Bajaj PYGMY MINI 110 MM PERSONAL FAN - WHITE SMOKE, small",images\71Dm+JU52xL._AC_UL320_.jpg,1785
Bajaj New Shakti Neo 15L Vertical Storage Water Heater (Geyser 15 litres) 4 Star BEE Rated Heater For Water Heating with T...,images\51-cyGLC3kL._AC_UL320_.jpg,13150
"AmazonBasics High Speed 55 Watt Oscillating Pedestal Fan, 400mm Sweep Length, White (Without Remote)",images\71QfUcEOg8L._AC_UL320_.jpg,3300
RAG28 Wooden Wall Decor Set of 11 (SPW1) Multicolour,images\81GQfgl4cnL._AC_UL320_.jpg,799
"ArtX Paper Motivational Wall Frames, Inspirational Quotes Wall Frames For Home Office Study Room Decor, Multicolor Posters...",images\61VDPBbPgHL._AC_UL320_.jpg,1399
Mahogany Life Vintage Glass Hanging Photo Frame For Wall Decor (5x7 inch) | Transparent Glass and Brass Metal Hanging Pres...,images\81dRciG8gBL._AC_UL320_.jpg,901
"Indianara Religious Painting -Synthetic Wood, 27x30.5x1cm, Multicolour (GB5)",images\91aG2syqs9L._AC_UL320_.jpg,499
Lexton 20 Piece Photo Clips String Light Battery Powered (Battery Not Included) for Home Decoration (Warm White),images\51emgfV2MfL._AC_UL320_.jpg,499
Rangoli Large Modern Art Wall Sticker Mullticolor Vinyl Sticker 40cm or 50 cm Pack of 1,images\61kr+OtuymL._AC_UL320_.jpg,799
"Kridaykraft Metal Kuber Deepam Oil lamp for or Bringing Good Luck, Prosperity and Wealth,",images\81ZFDD-jQqL._AC_UL320_.jpg,800
"Bubble Candle - Cube Soy Wax Candles, Home Decor Candle, Scented Candle Set 2 Pieces, Home Use and Gifting",images\51DEwbXiYMS._AC_UL320_.jpg,899
Soul & Scents 120 ml Lavender Reed Diffuser Set | Free 6 Fiber Reed Sticks |Toxin Free & Stress Relief | Fine-Living Natur...,images\71DiTFFutBL._AC_UL320_.jpg,699
"Ajanta Orpat Time Piece Beep Alarm Clock (Small_140X114X74 Mm, White,Plastic)",images\41capdtY8rL._AC_UL320_.jpg,599
"boAt Type C A325 Tangle-free, Sturdy Type C Cable with 3A Rapid Charging & 480mbps Data Transmission(Black)",images\71eVAHH3tsL._AC_UL320_.jpg,499
Echo Dot (3rd Gen) - Alexa smart speaker with loud 360 degree sound & Bluetooth,images\61EXU8BuGZL._AC_UL320_.jpg,4499
"Portronics Konnect L 1.2M Fast Charging 3A 8 Pin USB Cable with Charge & Sync Function for iPhone, iPad (Grey)",images\51Sk5hmB7nL._AC_UL320_.jpg,399
Portronics Konnect L POR-1081 Fast Charging 3A Type-C Cable 1.2Meter with Charge & Sync Function for All Type-C Devices (G...,images\51CvP9P2efL._AC_UL320_.jpg,339
"Duracell USB Type C, 3A Braided Sync & Fast Charging Cable, 3.9 Ft (1.2M), QC 2.0/3.0 Ultra Fast Charging, Compatible with...",images\71sMR4yd6UL._AC_UL320_.jpg,699
"Ambrane Unbreakable 60W / 3A Fast Charging 1.5m Braided Type C Cable for Smartphones, Tablets, Laptops & other Type C devi...",images\61ZeHF2Cf4L._AC_UL320_.jpg,299
"boAt Micro USB 55 Tangle-free, Sturdy Micro USB Cable with 3A Fast Charging & 480mbps Data Transmission (Black)",images\71ctu8Z759L._AC_UL320_.jpg,499
"Mi Type C 3Amp 100cm Fast Charge Cable Black|USB to Type C|Supports Upto 22.5W Fast Charging|Suitable for All Smartphones,...",images\71xuP3mbiRL._AC_UL320_.jpg,299
boAt Rugged v3 Extra Tough Unbreakable Braided Micro USB Cable 1.5 Meter (Black),images\61b91WUDxmL._AC_UL320_.jpg,799
Samsung 80 cm (32 Inches) Wondertainment Series HD Ready LED Smart TV UA32T4340BKXXL (Glossy Black),images\71a4ZQNqTiL._AC_UL320_.jpg,22900
"Spotzero by Milton Prime Spin Mop with Big Wheels and Stainless Steel Wringer, Bucket Floor Cleaning and Mopping System,2 ...",images\71UpuxQrSlL._AC_UL320_.jpg,2599
"Scotch-Brite 2-in-1 Bucket Spin Mop (Green, 2 Refills), 4 Pcs",images\613iaMC20FL._AC_UL320_.jpg,1500
"Scotch-Brite Rubber Heavy Duty Hand gloves for Dishwashing, gardening, kitchen cleaning ( Inner cotton lining for comfor...",images\61JDg6pGGJL._AC_UL320_.jpg,170
"GM 3060 E-Book 4 + 1 Power Strip 240 Volts with Master Switch, Indicator, Safety Shutter & 4 International sockets, Red & ...",images\519RgXY+lRL._AC_UL320_.jpg,590
"Scotch-Brite No-Dust Broom, Long handle, Easy floor cleaning (Multi-use)",images\611JToXX49L._AC_UL320_.jpg,300
"Scotch-Brite Sponge Wipe, Pack of 5 (Color and Print May Vary)",images\815fA+XGZ3S._AC_UL320_.jpg,355
RADIANT Door Bottom Sealing Strip Guard for Home (Size-36 inch) (Pack of 1) (Brown),images\61qbtDsPOoL._AC_UL320_.jpg,499
"rts Dual USB Universal Travel Adapter, International All in One Worldwide Travel Adapter and Wall Charger with USB Ports w...",images\611RCy1XjsL._AC_UL320_.jpg,4999
"XML Bottle Cleaning Brush Silicone Long Handle for Baby Bottle, Water Bottle, Containers, Vase and Glassw, Bottle Cleaner ...",images\41ZZvgZiBjL._AC_UL320_.jpg,69
"Kurtzy Vacuum Bags for Clothes with Pump - (5 Pcs) Reusable Vacuum Storage Bags with Ziplock and Hand Pump,Space Saver Com...",images\81UVBWMk7VL._AC_UL320_.jpg,1399
MBW Drawer Organizer Wardrobe Clothes Storage 7 Grids Storage Organizer Multipurpose Large Capacity Compartment Storage Bo...,images\71Ud8Wl2QAL._AC_UL320_.jpg,1299
Bel Casa Royal Basket Large Pack of 3 With 3 Lids Multipurpose Plastic Storage Baskets - Dark Brown,images\71SELzW89EL._AC_UL320_.jpg,1499
"PrettyKrafts Laundry Bag for Clothes, collapsible I sundry storage,(45 l),(BLACK & WHITE)",images\61Sd7koV9iL._AC_UL320_.jpg,499
"ARISTO Multipurpose Plastic Storage Container Box with Wheels 25 LTR (Clear, Transparent), (45.8 x 34 x 26) cm",images\41oDszyhUML._AC_UL320_.jpg,941
"PROTOWARE Clothes Hanger Wardrobe Storage Organizer Rack (10 pcs, Black)(Plastic)",images\71R6JJgBMoL._AC_UL320_.jpg,1299
"FLIPZON 4 Shelves Shoe Rack, 12 Pairs, Metal & Plastic (Small) (Rustproof) (Black & White)",images\81NmzkBMAcL._AC_UL320_.jpg,999
Kuber Industries Coat Cover|Foldable Blazer Cover|Suit Cover With Zipper Closure|Cloth Organizer For Dust Proof Jacket|Pac...,images\71CwTHRvl0L._AC_UL320_.jpg,449
Kuber Industries Saree Covers With Zip|Saree Covers For Storage|Saree Packing Covers For Wedding|Pack of 6 (Red),images\71Q3locEHEL._AC_UL320_.jpg,449
Storite 2 Pack Nylon 85 L Moisture Proof Multi-Purpose Storage Bag/Clothing Storage Organiser/Toy Storage/Stationery Paper...,images\81gEbYY1K6L._AC_UL320_.jpg,2299
"Nimeasy Dishwash Liquid Gel 1 L, Kitchen Utensil Cleaner, Lift Off Action with Enzyme Technology, Removes grease & oil, Wa...",images\61wOhjHP5vL._AC_UL320_.jpg,220
Surf Excel Matic Liquid Detergent Front Load 2+2 ltr Carton,images\61AiS8w7A0S._AC_UL320_.jpg,830
Tide Matic 4in1 PODs Detergent Pack 32 ct -for Top & Front load washing machine only,images\61uYsd745GL._AC_UL320_.jpg,825
Avance Oily Stain Remover Oven/Gas stove/Chimney Cleaner Stain Remover,images\7195pFG62KL._AC_UL320_.jpg,350
IFB Essentials Fluff Front Load Fabric Liquid Detergent - 1 liters,images\61V7RNLQhYL._AC_UL320_.jpg,360
"Tide White Detergent Bar Soap, Value Pack 200 gms x 5",images\71dbu8xqXeL._AC_UL320_.jpg,110
"Forcado Eco Friendly Electronic LED Mosquito Killer Machine Trap Lamp, Theory Screen Protector Mosquito Killer lamp for US...",images\61eXkc684aL._AC_UL320_.jpg,999
"Harpic Power Plus Toilet Cleaner - 600ml (Original, Pack of 3)",images\811QleRaL2L._AC_UL320_.jpg,
"Himalaya Moisturising Aloe Vera Facial Wipes, 25 Count",images\614MWFy-31L._AC_UL320_.jpg,100
"Ariel Matic Liquid Detergent, Top Load, 1 Litre",images\61YOkp8KgOL._AC_UL320_.jpg,220
"wipro 15W B22D LED Cool Day Light Bulb, Pack of 2 (Garnet)",images\61sxaKt9ecL._AC_UL320_.jpg,850
Magicwand Round Moon Shaped Light Aluminium Alloy Torch with Convex CREE Led,images\61Z7dG5v1KL._AC_UL320_.jpg,999
"HOME CUBE Smart Control Sensor Led Night Light Bedroom Lamp With Dual Usb Phone Charging Switch Socket (Warm White, Pack O...",images\61e6KayvjfL._AC_UL320_.jpg,999
"GlowPro P20 LED Pen Flashlight - Pocket EDC Torch with 3 Modes | Lightweight, Portable, Travel-Friendly | Aluminium Body, ...",images\61DDzStFnvL._AC_UL320_.jpg,375
"X4cart Study Lamp LED Touch Desk Lamp USB Rechargeable Table Lamp Student Study Reading Dimmer Led Desk Light (Pack of 1, ...",images\31VaYFLBREL._AC_UL320_.jpg,999
"SYSKA Fab-4001 Fan Shaped Base B22 40-Watt Led Bulb (White, Pack Of 1,B22D)",images\61dD-77kU+L._AC_UL320_.jpg,799
wipro Orion 6w Rechargeable LED Table Lamp- 3 Grade Dimming and Night Light |Li-Ion Battery,images\61L1WtnLLeL._AC_UL320_.jpg,1499
"Wipro Garnet 1 Feet 5-Watt LED Batten (Cool Day Light), Pack of 1",images\61X+GobRTLL._AC_UL320_.jpg,340
"Gesto 16.4Feet Long with 12V Adaptor LED Neon Strip Rope Lights,Flat Silicone Neon Rope Light Flexible Cuttable String, IP...",images\710whoI9Z5S._AC_UL320_.jpg,1999
"XERGY 20 Meter 200 LED's Waterproof Fairy Decorative Stary String Light - 2 M USB Powered (3 Copper Wires, Sturdy Quality)...",images\71xNM+1pw-L._AC_UL320_.jpg,1499
Kitchen Need - Washable and Reusable - (Pack of 1 Roll) Kitchen Printed Tissue/Towel Paper Roll - Washable and Reusable ap...,images\51FNNDn-FGL._AC_UL320_.jpg,299
Selpak Imported Paper Towel Kitchen Roll 3ply - 6 Rolls,images\715s4f6ET1S._AC_UL320_.jpg,810
"POSH Male to Male VGA Cable 1.5 Meter, Support PC/Monitor/LCD/LED, Plasma, Projector, TFT. VGA to VGA Converter Adapter Cable",images\41GWPiBQXmL._AC_UL320_.jpg,999
Halonix Rechargeable Emergency Inverter Led Bulb B22 9-Watt - White Pack Of 2(B22D),images\6117hd4BnTL._AC_UL320_.jpg,
FITG18 Kitchen Cleaning Sponge Wipes with Super Absorbent Biodegradable Cellulose Material for Kitchen and Home Cleaning (...,images\714Gc1OiAhL._AC_UL320_.jpg,699
GM 3012 3 Pin Travel Universal Multi-Plug with Surge Protector & Indicator (1),images\615doISNuML._AC_UL320_.jpg,249
"ZSIGNS 46PCS 1/4 inch Drive Socket Set,Metric Ratchet Wrench Set with 4-14mm CR-V Sockets,S2 Bits,Extension Bars,Mechanic ...",images\81UOIOrc8AL._AC_UL320_.jpg,1999
Lapster 1.5 mtr USB 2.0 Type A Male to USB A Male Cable for computer and laptop,images\5190uz4tnkL._AC_UL320_.jpg,999
Halonix Prime 10W Neo Radar Motion Sensor B22 Led Light Bulb (Cool Day White) Pack of 1,images\41fKxjLqTbL._AC_UL320_.jpg,299
RYLAN Bathroom Cleaning Brush with Wiper 2 in 1 Tiles Cleaning Brush Floor Scrub Bathroom Brush with Long Handle 120Â° Rota...,images\61RZ3ZVRzNL._AC_UL320_.jpg,999
Levi's Men's 511 Styled Slim Fit Jeans,images\61squlDBu2L._AC_UL320_.jpg,2899
Urbano Fashion Men's Slim Fit Washed Jeans Stretchable,images\61EJxytnV5L._AC_UL320_.jpg,1199
Ben Martin Men's Relaxed Fit Jeans,images\616xchp1ECL._AC_UL320_.jpg,2499
Spykar Men's Super Skinny Fit Jeans,images\61x6ta8DhkL._AC_UL320_.jpg,2699
Levi's Men Jeans,images\811awEFjbNL._AC_UL320_.jpg,3999
Levi's Men's Skinny Jeans,images\71HXhUz1FCL._AC_UL320_.jpg,3699
Levi's Men's 511 Slim Fit Jeans,images\81FKzPIml5L._AC_UL320_.jpg,2899
Amazon Brand - Inkast Denim Co. Men's Slim Stretchable Jeans,images\81Jfxu8WAlL._AC_UL320_.jpg,2499
Levi's Men's 511 Slim Fit Jeans,images\71sIjcR88iL._AC_UL320_.jpg,2899
Levi's Men's 511 Slim Fit Jeans,images\71uN6fEmReL._AC_UL320_.jpg,3999
Stysol Gradient Aviator Sunglasses & Stylish Leather Watches for Boys Combo BT-CMB-101,images\61wOzZWrK-L._AC_UL320_.jpg,1450
Cloth Theory Boys Shorts,images\91c+moGXKnL._AC_UL320_.jpg,1099
NIVIA Encounter Stockings-Large,images\61v7q9uBOGL._AC_UL320_.jpg,105
Trendy Retail Black High Tenacity Nylon Mesh Storage Bags Outdoors Activities Folding Hanging Organizer Bag for Kettle Mob...,images\51xHB9o9HmL._AC_UL320_.jpg,3591
Jockey Boys Cotton Briefs (Pack of 2),images\61TxojoUp8L._AC_UL320_.jpg,338
Puma Girl's Regular T-Shirt,images\41VGBIyyCGL._AC_UL320_.jpg,999
IndiWeavesï¿½ Girls Crepe Digital Printed Stylish Casual Skirts (Pack of 4),images\81qxl4ZXXTL._AC_UL320_.jpg,749
Adc fashions Women's Belt,images\619yeHUBknL._AC_UL320_.jpg,1500
Googo Gaaga Boy's Cotton T-Shirt With Shorts,images\41qTsFgKFsL._AC_UL320_.jpg,1400
Stylish New Aveo_Leather_Belt Analog Watch - for Boys (Black),images\51TfbOiwIYL._AC_UL320_.jpg,399
BATA Boys Scott Oxford,images\617H0a4p1EL._AC_UL320_.jpg,1299
Mag Creations Kids Flip Flop Slipper for Girls and Boys,images\41sD7ZGEsGS._AC_UL320_.jpg,450
Marvel Boy's Mapbss2124 Sandals,images\71T+vwBuwmL._AC_UL320_.jpg,999
Neska Moda Baby Boys & Girls Cotton Anti Slip Indoor Slippers Booties For 6 To 12 Months /12 To 18 Months/18 To 24 Months...,images\718HuNp5RTL._AC_UL320_.jpg,599
Hopscotch Boys and Girls PVC Plastic Floral Applique Sandals in Black Color,images\41+FNvpvMnL._AC_UL320_.jpg,1038
"Yellow Bee George Magic Brick Theme Sandals, Blue",images\61Lt1dgPt3L._AC_UL320_.jpg,749
crocs Unisex-Child Clsgltrcutiecgk Clogs,images\812YQ8DJJWL._AC_UL320_.jpg,3295
Radler Unisex Happy Day Blue Comfortable Flat Flip Flops Slippers With Strap for Baby Boy's & Baby Girl's,images\31EmZk1s0RL._AC_UL320_.jpg,399
Liberty Men's 9906-90vgn Formal Shoes,images\81tLvjj0wlL._AC_UL320_.jpg,1299
Disney Unisex-Adult Queen Elsa Flat Sandal,images\51jlp5ms-YL._AC_UL320_.jpg,532
AONES Pack of 2 Silicone Watch Strap Compatible for Garmin Venu Sq Music Smart Watch Band Black,images\51L5DxKknLL._AC_UL320_.jpg,990
Shark Stone Kids Silicone LED Wrist Smart Watch | Kids Waterproof Digital Dial Colorful Cartoon Character Watch for Boys a...,images\71ArwDZ+GAL._AC_UL320_.jpg,699
"DRITON Digital 24 Images Ben 10 Projector Watch for Kids Boys Watch & Girls Watch, Diwali Gift, Birthday Return Gift (Colo...",images\61Asicj8wOS._AC_UL320_.jpg,999
IZU.. Digital Watch for Boys & Girls Waterproof Touch Button Watch Black Dial Date Month Wrist Smart Watch LED Band for Ki...,images\51b3VlIzVxL._AC_UL320_.jpg,999
ALNA-TURA Apple Shape Multicolor Pack of 5 Waterproof Silicone Smart Digital LED Band Bracelet/Watch/Birthday Return Gift...,images\71gxMk4iuhL._AC_UL320_.jpg,999
Sonata Ocean Series Analog-Digital Black Dial Men's Watch-NL7989PP01/NP7989PP01,images\91H9TJ-nTsL._AC_UL320_.jpg,2249
ALNA-TURA Birthday Party Return Gift Combo Pack of 5 Each Led Watch & Cute Cartoon Key Ring - Multi Color Silicone Band wi...,images\51F8k1UxcoL._AC_UL320_.jpg,1199
Shocknshop Digital LED Round Black Dial Kids Children Watch for Boys Girls -W12,images\610q8cD9iTL._AC_UL320_.jpg,899
IZU... Digital Square Watch Black Dial Waterproof Smart Watch look Stylish and Fashionable LED Band Watch Wrist Watch for ...,images\51fMtB3JpBL._AC_UL320_.jpg,999
"Digital 24 Images Projector Watch for Kids, Diwali Gift, Birthday Return Gift (Frozen)",images\61rwCR1hMwL._AC_UL320_.jpg,499
Kitchwell Kitchen Accessories Items | 1100 ML Square Airtight Storage Jar and Container organizer | kitchen containers set...,images\81Jf-Gz8hOL._AC_UL320_.jpg,1899
"Bulfyss Multipurpose 45cm x 5m Super Strong EVA Anti-Slip Bathroom Kitchen Cabinet Drawer Shelf Mat Liner Sheets Roll, Fri...",images\61iCTMUVtES._AC_UL320_.jpg,999
Pigeon By Stovekraft All in One Super Cooker Aluminium with Outer Lid Induction and Gas Stove Compatible 5 Litre Capacity ...,images\51OhGq1Y8TL._AC_UL320_.jpg,3995
"STAR WORK Muslin Cloth 1 X 1.2 Meter Cotton for Straining Unbleached, Natural Ultra Fine Cheese Cloths for Straining Reusa...",images\81fTL+GEuLL._AC_UL320_.jpg,499
Zuvexa 3 Slot Knife Sharpener Professional Kitchen Chef Knife Sharpener with 3 Stage Design - Stainless Steel & Tungsten S...,images\71p6rKdaoqL._AC_UL320_.jpg,599
"Prestige Aluminium Omega Select Plus Non Stick Paniyarakkal with Lid (24 cm, Black)- Gas Top Compatible Only, Black",images\71J93Wb4DFL._AC_UL320_.jpg,1190
"Prestige Deluxe Alpha Svachh Stainless Steel Spillage Control Pressure Cooker, 3 L (Silver)",images\51yA9EZIhYL._AC_UL320_.jpg,2480
"Treo By Milton Gusto Cool Mug Set of 2, 335 ml (Glass, Transparent)",images\71XiLbQSDFL._AC_UL320_.jpg,199
INKULTURE Stainless_Steel Measuring Cups & Spoon Combo for Dry or Liquid/Kitchen Gadgets for Cooking & Baking Cakes/Measur...,images\61QDkUVepSL._AC_UL320_.jpg,749
"Amazon Brand - Solimo 100% Cotton Padded Oven Gloves Paisley, (Pack of 2, Blue)",images\71BUnXdBXSL._AC_UL320_.jpg,450
"Pigeon by Stovekraft Amaze Plus Electric Kettle (14289) with Stainless Steel Body, 1.5 litre, used for boiling Water, maki...",images\51DGcy8eBCL._AC_UL320_.jpg,1245
Glun Multipurpose Portable Electronic Digital Weighing Scale Weight Machine (10 Kg - with Back Light),images\61ocesEh0cL._AC_UL320_.jpg,899
Kuber Industries Nylon Mesh Laundry Basket|Sturdy Material & Durable Handles|Netted Lightweight Laundry Bag (Assorted),images\31hmQqq7KsL._AC_UL320_.jpg,99
"Prestige Electric Kettle PKOSS - 1500watts, Steel (1.5Ltr), Black",images\71zlLSHbJ-L._AC_UL320_.jpg,1445
"NutriPro Juicer Mixer Grinder - Smoothie Maker - 500 Watts (3 Jar, Silver)",images\7152-mn8mKL._AC_UL320_.jpg,6000
Philips GC1905 1440-Watt Steam Iron with Spray (Blue),images\71SxUzhnLvL._AC_UL320_.jpg,2295
"Lifelong LLMG23 Power Pro 500-Watt Mixer Grinder with 3 Jars (Liquidizing, Wet Grinding and Chutney Jar), Stainless Steel ...",images\61zhqJg1bTL._AC_UL320_.jpg,3500
"MILTON Kool Trendy 500 Plastic Insulated Water Bottle with Straw for Kids, 490 ml, Orange | School Bottle | Picnic Bottle...",images\61GnCtCqy7L._AC_UL320_.jpg,170
KESI ORNAMENTS Sprout Maker with 4 Compartments for Multi Purpose Use - Plastic Grocery Container Sprouted Grains Seeds Da...,images\51mu+EwfNjL._AC_UL320_.jpg,499
"MATIC HOUSEWARE Air Tight Containers For Kitchen Storage Set, Bpa-Free Container For Kitchen Storage Set Pantry Organizati...",images\91-pXQn3EDL._AC_UL320_.jpg,1999
"Cello H2O Stainless Steel Water Bottle, 1 Litre, Blue",images\61nb1cWMOiL._AC_UL320_.jpg,535
"Milton Pacific 1000 Pet Water Bottles Set of 6, 1 Litre Each, Blue",images\71R266B8mqL._AC_UL320_.jpg,270
"Catron Stainless Steel Spice Grinder Glass, Steel Squeeze Mill,Pepper Grinder or Salt Shaker Manual Shaker, Spice Storage ...",images\511NXpXM5TL._AC_UL320_.jpg,999
"Amazon Brand - Solimo Slim Stainless Steel Water Bottle, Set of 3, 1 L Each",images\81mrMggUQnS._AC_UL320_.jpg,999
Cello Puro Kids Stainless Steel Inner 600 Milliliters Water Bottle (Red),images\61ckbOjGh3L._AC_UL320_.jpg,349
"amaziyo Fridge plastic Storage Boxes, Fridge Organizer Case With Removable Drain Plate Stackable Fridge Storage Containers...",images\71xDTM-WtUL._AC_UL320_.jpg,999
Beddify Set Of 12 Reusable Fridge Storage Bags For Vegetables and Fruits Dual Layer Mesh Net Multipurpose Multi-Size Kitch...,images\91g9SEaYIjL._AC_UL320_.jpg,599
"Recombigen White Micro Pipette Tips 10-1000 uL, Pack of 500 pcs",images\310PQyzP-KL._AC_UL320_.jpg,899
BFCLAB AMMONIA SOLUTION LR - 250ml,images\71lHhayB8NL._AC_UL320_.jpg,300
"Labart 0-90% Brix Professional Grade Optical Hand Held Refractometer, Sugar Type for Syrup, Jelly, Jam Low Volume and High...",images\319rWTDRjhL._AC_UL320_.jpg,13899
Mextech LX-1010B Digital Lux Meter,images\61q+7XftdUL._AC_UL320_.jpg,2160
MICROFILL (100-1000ul) Scientific Variable Adjustable Volume Micro Pipette,images\71ggwnGBB1L._AC_UL320_.jpg,4590
"IONIX Liquid ph Tester, Liquid ph Tester for Water, ph Testing Liquid, Water ph testering Liquid Bottles, 2 Bottles, White",images\31-K1t6bf4L._AC_UL320_.jpg,299
BFC GRAPHITE FINE POWDER LR - 250gm CAS No.7782-42-5,images\51EtUQBIQXL._AC_UL320_.jpg,500
SKADIOO Jewellery Scale | Weight Scale | Digital Weight Machine | weight machine for gold | Electronic weighing machines f...,images\61znjyJoDxS._AC_UL320_.jpg,999
"CHARCO Tartaric Acid Powder, 200 Gm - by CHARCO - Skin To Internal HealthÂ®",images\71b291k5pjS._AC_UL320_.jpg,354
LABWORLD Mercury Thermometer 0 to 250 Degrees Celsius 300 mm for Laboratory Industrial and Household Temperature Measureme...,images\41rSU5hlT-L._AC_UL320_.jpg,490
"dclub Nipple Covers Reusable Comfortable & Natural Invisible Adhesive Silicone Pasties for Women, Round (Skin)",images\51M087p7ktL._AC_UL320_.jpg,1200
"YIFELY double sided tape for clothes tape for clothes Double Sided Tape for Fashion, Clothing and Body (36 Strip Pack) | A...",images\51J8Ph-rUVL._AC_UL320_.jpg,449
Jockey Women's Bikini,images\81hWgsH56wL._AC_UL320_.jpg,498
Jockey Women Cotton Hipster Brief(Pack of 3),images\81Nu+DmgfpL._AC_UL320_.jpg,498
GLAMORAS Women Camisole (Glcamisecret_Black-White-Beige_Free Size),images\517vKSMkKvL._AC_UL320_.jpg,799
Pasties for Women 4 Pairs Nipple Covers Reusable Adhesive Silicone Covers,images\713aSudWVSL._AC_UL320_.jpg,1700
"Sanfe Flix Breast Roll -Breast Shaper & Lifter, Breathable Breast Support Boobtape, 5-meter Breast Lift Tape for Backless,...",images\71mwLH2XTFL._AC_UL320_.jpg,549
SHOPPY VILLA WITH SV LOGO Women Camisole (Comi-Secret_Multicolour_Free Size),images\61+aEr8p4mL._AC_UL320_.jpg,499
Rushwak Boob Tape with 10 Nipple Pasties & 36 Fashion Tape Multipurpose Body Tape for Women Push Up & Lifting Breast Tape ...,images\71-0VVomB-L._AC_UL320_.jpg,999
"Sanfe Flix Cotton Nipple Covers, 10 Breathable Nipple Pasties, No Show Bra for Women, Skin Friendly, Disposable (Cotton Ni...",images\71oPhfJd4sL._AC_UL320_.jpg,299
"O3+ Eye Circle Cream - Brightening & Whitening for Dark Circles, Finelines and Puffy Bags, 15g",images\31cr84-sGkL._AC_UL320_.jpg,445
Biolage Hydrasource Conditioner | Paraben Free|Intensely Hydrates Dry Hair | For Dry Hair,images\71ZPyC85cDL._AC_UL320_.jpg,180
"Tvaksh Faceguard Silicone Sunscreen Gel SPF30, 30gm",images\71fc+oPmz3L._AC_UL320_.jpg,501
Davidoff Cool Water For Men. Eau De Toilette Spray 4.2 Ounces,images\410EqXHsCRL._AC_UL320_.jpg,4750
De Fabulous Get Closer Scalp Aid Shampoo and Conditioner â€“ 250ml| Sulphate Free | pH Balanced | (Combo Set),images\51NQQCvk-fL._AC_UL320_.jpg,2700
"Just Herbs Anti Hairfall Natural Hair Mask with Castor & Black Onion Seed for Dandruff, Boost Hair Growth & Hair Spa - Sui...",images\61LdDhZKVJL._AC_UL320_.jpg,595
"Forest Essentials Hair Cleanser Amla, Honey & Mulethi 200ml (Shampoo)",images\615cql1+7yS._AC_UL320_.jpg,1575
"MATRIX Opti Long Professional 200ml Shampoo + 98g conditioner |For healthy, long hair with nourished lengths and split end...",images\518lpCmsKxL._AC_UL320_.jpg,620
"Nautica Voyage Eau De Toilette For Men, 100Ml",images\61gm2yDGyyL._AC_UL320_.jpg,3900
Wella Professionals EIMI Mistify Me Strong Fast Drying Hair Spray | 300 ml | Finishing Hairspray | Hair Setting & Styling ...,images\41--zSH5wuL._AC_UL320_.jpg,670
"LAKMÃ‰ Face It Compact, Marble, 9 g",images\71Cmq6Lu5gL._AC_UL320_.jpg,180
"Colorbar cosmetics Intensely Rich Kajal-Creatively, Black, 0.30 g",images\41PxxbxOHZL._AC_UL320_.jpg,170
"Swiss Beauty Bold Matte Lipliner Pencil Set | Long Stay | Smudge Free | Waterproof | Creamy Lip Liner Pencil| Multi Color,...",images\61CQfI2uF8L._AC_UL320_.jpg,799
"Lakme Eyebrow Pencil, Black, 2 g",images\41F-aMjcWQL._AC_UL320_.jpg,75
"Just Herbs Ayurvedic Liquid Lipstick Kit Set of 5 with Long Lasting, Hydrating & Lightweight Lip Colour, Nudes & Browns - ...",images\61dY-r53NML._AC_UL320_.jpg,745
"Maybelline New York Eyeliner Glossy Finish, Intense Colour, Long-lasting, 36Hr wear, Lasting Drama Gel Eyeliner,2.5g Black",images\61CTcbLlT1L._AC_UL320_.jpg,599
"LakmÃ© 9 To 5 Flawless Matte Complexion Compact Powder, Melon, Absorbs Oil, Conceals & Gives Radiant Skin - All Day Matte F...",images\61vyDZJ0jWL._AC_UL320_.jpg,525
"Jaquline USA Onestroke Super Black Kajal Twin Pack, Smudge Proof, Water Proof, Black, Matte Finish (Pack Of 2)",images\71AAGeOSBbL._AC_UL320_.jpg,349
The Derma Co 2% Niacinamide Hydrating BB Cream with SPF 30 PA++ Enriched with 1% Hyaluronic Acid Complex & Aquaxylâ„¢ - 30 g,images\415E5hP0jwL._AC_UL320_.jpg,399
"LAKMÃ‰ Eyeconic Kajal, 0.35g, Deep Black New Matte Finish",images\41gcWWfLdHL._AC_UL320_.jpg,190
WildHorn Brown RFID Blocking Leather Wallet for Men I Ultra Strong Stitching I 6 Credit Card Slots I 2 Currency Compartmen...,images\81vMec1lk+L._AC_UL320_.jpg,1499
Casio Vintage Series Digital Grey Dial Men's Watch-A-158WA-1Q,images\61ybeKQto8L._AC_UL320_.jpg,1695
SJeware Men & Women Solid Ankle Length Socks (Pack of 5),images\61r8Z4tDkvL._AC_UL320_.jpg,399
Fashion Frill Men's Double Coated Popular Stainless Steel Silver Chain For Men Boys Stylish Chains Necklaces Silver,images\61cY9DOK2XL._AC_UL320_.jpg,998
Razer Anzu Smart Glasses: Blue Light Filtering & Polarized Sunglass Lenses - Low Latency Audio - Built-in Mic & Speakers -...,images\41WVbPJh4sL._AC_UL320_.jpg,29990
Urban Forest Oliver Black RFID Blocking Leather Wallet for Men,images\71jCRAMYlRL._AC_UL320_.jpg,2000
Louis Devin Silicone Strap Analog Wrist Watch for Men (Black/Blue/Red) | LD-BK054,images\61LO6l4zB4L._AC_UL320_.jpg,2199
"Boldfit Head Caps for Men Unisex Mens Caps Branded with Adjustable Strap in Summer for Men, Caps Men for All Sports Cricke...",images\41iOWsfnu6L._AC_UL320_.jpg,899
"SWAGR 5 Pairs Solid Ankle Socks for Men & Women, Multicolor, Pack of 5, Free Size",images\91Wl5xcJ+GL._AC_UL320_.jpg,1200
"Samsung 253 L 3 Star with Inverter Double Door Refrigerator (RT28A3453S8/HL, Elegant Inox)- 2022 Model",images\61kNDBKxSuL._AC_UL320_.jpg,31990
"Samsung 183 L 2 Star Inverter Direct-Cool Single Door Refrigerator (RR20C2412GS/NL, Gray Silver)",images\61peedjlRJL._AC_UL320_.jpg,17999
"Samsung 183 L 3 Star Inverter Direct-Cool Single Door Refrigerator (RR20C1723S8/HL, Silver, Elegant Inox)",images\61TTF88NJUL._AC_UL320_.jpg,18999
"Godrej 180 L 4 Star Direct Cool Single Door Refrigerator (RD EDGENEO 207D THF AQ BL, Aqua Blue, Turbo Cooling Technology, ...",images\61eU1t-ag2L._AC_UL320_.jpg,18990
"Samsung 253L 3 Star Inverter Frost Free Double Door Refrigerator (RT28T3743S8/HL, Silver, Elegant Inox, Convertible, 2022 ...",images\61zdJx26rqL._AC_UL320_.jpg,34990
"Samsung 189 L 5 Star Inverter Direct-Cool Single Door Refrigerator (RR21C2H25CR/HL, Camellia Purple, Base Stand with Drawer)",images\61pZR4rv-WL._AC_UL320_.jpg,24999
"Samsung 324 L 3 Star Inverter Frost Free Double Door Refrigerator (RT34T4513S8/HL, Convertible 5In 1, Elegant Inox)",images\61i2ZgC3s8L._AC_UL320_.jpg,41900
"Haier 190 L 4 Star Single Door Refrigerator (HED-204DS-P, Dazzle Steel,2023 Model)",images\71uc7LdOzmL._AC_UL320_.jpg,20990
"LG 185 L 5 Star Inverter Direct-Cool Single Door Refrigerator (GL-D201APZU, Shiny Steel, Base stand with drawer)",images\61MaF1ibiiL._AC_UL320_.jpg,21999
"Haier 165 L 1 Star Single Door Refrigerator (HED-171RS-P, Red Steel,2023 Model)",images\71uBPVMKzAL._AC_UL320_.jpg,14990
(Renewed) Inalsa Handy Steam 600-Watt Garment Steamer (White/Purple),images\51RsURC5EuL._AC_UL320_.jpg,1499
(Renewed) USHA Cook Joy (3820) 2000-Watt Glass Induction Cooktop with Touch (Black),images\31Nm+Di1mPL._AC_UL320_.jpg,5590
USHA (Renewed) Colossus Rust Free Aluminium Blade 400mm Wall Fan (Blue),images\71klew1PDYL._AC_UL320_.jpg,3685
(Renewed) HUL Pureit Advanced Pro Mineral RO+UV 6 Stage Wall Mounted Counter top Black 7L Water Purifier,images\51E6zXJ1g+L._AC_UL320_.jpg,9290
"(Renewed) Morphy Richards Salvo Storage 6-Litre Vertical Water Heater, White, 5 Star",images\51W56Zj87GL._AC_UL320_.jpg,7999
(Renewed) Microtek EM4150+ 150V-280V Digital Display Voltage Stabilizer (Grey) for AC upto 1.5 Ton,images\41how8rh8YL._AC_UL320_.jpg,
(Renewed) Usha FH 3628 PTC 1800-Watt Fan Heater (Black),images\61K+xiVRqTL._AC_UL320_.jpg,3149
(Renewed) Morphy Richards 1.8-Litre Rice Cooker (White),images\41ub7mSRSFL._AC_UL320_.jpg,3410
(Renewed) IMPACT BY HONEYWELL 5MP high Resolution Bullet CCTV Camera I AHD 4 in 1 Outdoor Camera I 3.6MM Lens Up to 20M IR...,images\41hmV5i8iaL._AC_UL320_.jpg,2799
(Renewed) Crompton Greaves Drift Air Plus Exhaust Fan - 300 mm (Silver) (DRIFTAIRPLUS12OPW),images\51La6qb9f1S._AC_UL320_.jpg,2000
INLANDER 70+5 L Navy Blue Travel Bag for Hiking Trekking Daypack Rucksack with Rain Cover â€¦ â€¦,images\71y9Yc76YFL._AC_UL320_.jpg,6999
2.1 mtr Fishing Rod Set,images\41NkjS7qwuS._AC_UL320_.jpg,1450
"Deuter Giga, marine-ink, 28 Litre",images\910cX44aZVL._AC_UL320_.jpg,7999
Betlex 15 Liter Heavy-Duty PVC Water Proof Ocean Pack Dry Bag for Boating- Rafting - Swimming - Camping -Tracking -Multi-C...,images\21RckLpzoTL._AC_UL320_.jpg,1099
Coral-BigGame Dia 0.35mm Length 800Meter Colour Green Monofilament Fishing Line (Pack of 1),images\81yUoRm1QDL._AC_UL320_.jpg,725
FICRO Travel Backpack for Outdoor Sport Camp Hiking Trekking Bag Camping Rucksack,images\71oZKkA2KmL._AC_UL320_.jpg,1899
NABAAT Rain Cover for Backpack 100% Waterproof Bag Protector of 30 to 40L for Rain/Dust Proof Protection for School Bag/La...,images\51xwjLT-JpL._AC_UL320_.jpg,599
"ADYAHCREATIONS 1 Liter Milk Warmer Travelling Bag, Milk Carry Bag, Insulated Thermal Bag, Beverage Liquid Product Bag Colo...",images\81iqOyC-A2S._AC_UL320_.jpg,500
The Clownfish Brawn 48 litres Polyester Unisex Travel Backpack Rucksack for Outdoor Sports Camp Trek (Grey),images\91pzErVDpwS._AC_UL320_.jpg,2999
"Bridge2shopping Military Portable Folding Shovel , Camping Shovel - 47CM",images\31UXAY6IylL._AC_UL320_.jpg,1499
Amazon Brand - Symactive Men's Regular Fit T-Shirt,images\7148IlzWBVL._AC_UL320_.jpg,999
Jockey Mens Slub Casual Track Pant,images\61S5skYN95L._AC_UL320_.jpg,1399
ASIAN Men's Skypee-162 Casual Sneaker Lightweight Lace-up Shoes for Men's & Boy's,images\61O41FwCQFL._AC_UL320_.jpg,699
Campus Mens Jasper Running Shoes,images\610+hWjuh1L._AC_UL320_.jpg,1499
"YS, Women Cotton Padded Wire Free Sports Bra Fitness Yoga Free Size (Pack of 3), Size (28-32).",images\41QBkoB3vAL._AC_UL320_.jpg,899
SELLORIA - Adjustable Unisex Cap - Quick Drying Sun Hat for Activites Sports Baseball Hat for Men and Women Freesize (Pack...,images\519KYY8z4SL._AC_UL320_.jpg,399
"ASIAN Men's Carbon-02 Sports Running,Walking & Gym Shoes with Carbon Cushion Technology Phylon Sole with Memory Form Casua...",images\81zB-7dMMHL._AC_UL320_.jpg,2299
BlissClub Women The Ultimate Flare Pants | High-Waist | Foldable Waistband | 2 Pockets| Activewear for Women,images\314n30gvscL._AC_UL320_.jpg,2299
Campus Men's Royce-2 Running Shoes,images\614rFiUcaNL._AC_UL320_.jpg,1049
NewYouth Hat Bangtan Boys Men Women Adjustable Outdoor Sun Hat Baseball Cap,images\51-cGKckaSL._AC_UL320_.jpg,999
CP PLUS 3MP Full HD Smart Wi-fi CCTV Home Security Camera | 360Â° View | 2 Way Talk | Cloud Monitor | Motion Detect | Night...,images\31jX+aam1nL._AC_UL320_.jpg,4900
TP-Link Tapo 360Â° 3MP 2304 Full HD 1296P Video Pan/Tilt Smart Wi-Fi Security Camera | Alexa Enabled | 2-Way Audio| Night V...,images\51RaDbOSIAL._AC_UL320_.jpg,3599
TP-Link Tapo 360Â° 2MP 1080p Full HD Pan/Tilt Home Security Wi-Fi Smart Camera| Alexa Enabled| 2-Way Audio| Night Vision| M...,images\61XL2jzXhTL._AC_UL320_.jpg,3299
CP PLUS 3 MP Full HD Smart Wi-fi CCTV Camera | 360Â° Pan & Tilt | View & Talk | Motion Alert | Night Vision | SD Card (Up t...,images\31KJ+RY7LWL._AC_UL320_.jpg,4100
MI 360 Home Security Wireless Camera 2K Pro with Bluetooth Gateway BLE 4.2 l Dual Band Wi-fi Connection l 3 Million HD 129...,images\51aHlnjVH-L._AC_UL320_.jpg,5999
Qubo Smart Cam 360 from Hero Group | Made in India | 2MP 1080p Full HD | CCTV Wi-Fi Camera | 360 Degree Coverage| Two Way ...,images\41VQBioa2FL._AC_UL320_.jpg,3990
"Imou 360Â° 1080P Full HD Security Camera, Human Detection, Motion Tracking, 2-Way Audio, Night Vision, Dome Camera with WiF...",images\51HdC2UqaLL._AC_UL320_.jpg,7500
CP PLUS 2MP Full HD Smart Wi-fi CCTV Home Security Camera | 360Â° with Pan Tilt | 2Way Talk | Cloud Monitor | Motion Detect...,images\518y9EFw9vL._AC_UL320_.jpg,4700
LookMark Men's Poly Cotton Digital Printed Stitched Half Sleeve Shirt,images\71cFpnm0b6S._AC_UL320_.jpg,1199
Lyriq Casual Shirt for Men|| Shirt for Men|| Men Stylish Shirt || Men Printed Shirt,images\41K8J6J3fUL._AC_UL320_.jpg,1999
Allen Solly Men's Slim Fit Shirt,images\71T3EQknkBL._AC_UL320_.jpg,1499
Dennis Lingo Men's Solid Slim Fit Cotton Casual Shirt with Spread Collar & Full Sleeves,images\618Wek95laS._AC_UL320_.jpg,1849
Lymio Casual Shirt for Men|| Shirt for Men|| Men Stylish Shirt || Men Printed Shirt (Shed Floral),images\7181NjMrq-L._AC_UL320_.jpg,4999
Lymio Casual Shirt for Men|| Shirt for Men|| Men Stylish Shirt || Men Printed Shirt (Patta),images\71On2XSPuRL._AC_UL320_.jpg,4999
Dennis Lingo Men's Solid Slim Fit Casual Shirt,images\61qcnAHZP3L._AC_UL320_.jpg,1849
Dennis Lingo Men's Checkered Slim Fit Cotton Casual Shirt,images\61DGAlvxRLL._AC_UL320_.jpg,2499
Lymio Casual Shirt for Men|| Shirt for Men|| Men Stylish Shirt || Men Printed Shirt (Karrey),images\71UkW9i6uRL._AC_UL320_.jpg,4999
Lymio Casual Shirt for Men|| Shirt for Men|| Men Stylish Shirt || Men Printed Shirt (Mistry),images\711LeSGXlcL._AC_UL320_.jpg,4999
BATA Women's Kafi Slipper,images\71XsK-tzvRS._AC_UL320_.jpg,599
DOCTOR EXTRA SOFT Doctor Ortho Slippers for Women.,images\51dMc66bcZL._AC_UL320_.jpg,599
BATA womens Ortho Comfit Ladies Flip-Flops,images\716iF5ATTbL._AC_UL320_.jpg,299
Campus Women's Alexa Running Shoes,images\61MGVjbYydL._AC_UL320_.jpg,1699
ASIAN Women's Trendy-21 Casual Sneaker Colour Changing Shoes with Extra Cushion Lightwight Lace-Up Shoes for Women's & Girl's,images\61M45eURF2L._AC_UL320_.jpg,999
BATA womens Ortho Lds Slipper,images\5126nBsWieL._AC_UL320_.jpg,599
Daily Use Slippers For Women/Bathroom Slippers/Home Slippers/All day wear FL-427,images\51-2tM1l6rL._AC_UL320_.jpg,349
Sichumaria Anti-Wrinkle Shoes Flod Protectors Toe Box Defloder Shoes Flod Guards for Sneaker and Casual Shoes Soft Materia...,images\41mShz1CCaL._AC_UL320_.jpg,999
BATA Women's Vintage Th Flip Flop,images\81GRO9WnsXL._AC_UL320_.jpg,499
FLITE Women's Fl0366l Slippers,images\41FbMy53C5L._AC_UL320_.jpg,299
"Britannia Pineapple Plunge Cake, 50g",images\617oq3JEGtL._AC_UL320_.jpg,15
"Cadbury Chocobakes Choc Filled Cookies, 150 g",images\61pA7IJdOFL._AC_UL320_.jpg,70
"Sunfeast Dark Fantasy Choco Fills, 600g, Original Filled Cookies with Choco CrÃ¨me",images\81gzAVquhUL._AC_UL320_.jpg,340
Go Vegan Raw Unroasted Chia Seeds - 250 Gram Jar Pack | Omega 3 and Fiber for Weight Loss,images\61WtYterCSS._AC_UL320_.jpg,399
"Britannia Marie Gold Marie Gold Biscuits Pouch, 468g +117g extra or 480g+120g (Weight May Vary)",images\71z-v1WdAOL._AC_UL320_.jpg,88
"Tata Sampann 100% Pure California Almonds Whole, 500g",images\61ltId84kyL._AC_UL320_.jpg,655
"Parle Rusk Premium Elaichi Flavour, 400g",images\61oXa-EhW-L._AC_UL320_.jpg,75
Britannia Toastea Premium Bake Rusk 250g,images\51yGTEzxJHL._AC_UL320_.jpg,50
True Elements Chia Seeds 250g - Non-GMO Seeds | Rich in Omega -3 & Fibre | Healthy Snacks for Weight loss management,images\71HCM2dnlhL._AC_UL320_.jpg,300
"Tata Sampann 100% Pure Premium Raisins Seedless, 200g",images\61R08q3S9zL._AC_UL320_.jpg,103
"Echo Dot (3rd Gen) - Smart speaker with Alexa, compact size, loud sound & Bluetooth",images\61EXU8BuGZL._AC_UL320_.jpg,4499
"ZEBRONICS Zeb-Astra 20 Wireless BT v5.0 Portable Speaker with 10W RMS Output, TWS, 10H Backup Approx, Built in Rechargeabl...",images\71yCNxkT4GL._AC_UL320_.jpg,2299
"Zebronics ZEB-COUNTY 3W Wireless Bluetooth Portable Speaker With Supporting Carry Handle, USB, SD Card, AUX, FM & Call Fun...",images\81U3kN9bf1L._AC_UL320_.jpg,999
"boAt Stone 352 Bluetooth Speaker with 10W RMS Stereo Sound, IPX7 Water Resistance, TWS Feature, Up to 12H Total Playtime, ...",images\61K8FS335JL._AC_UL320_.jpg,3490
"Infinity (JBL Fuze Pint, Wireless Ultra Portable Mini Speaker with Mic, Deep Bass, Dual Equalizer, Bluetooth 5.0 with Voic...",images\71K6mroOBJL._AC_UL320_.jpg,1999
"boAt Stone 620 Bluetooth Speaker with 12W RMS Stereo Sound, 10HRS Playtime, TWS Feature, IPX4, Multi-Compatibility Mode(Bl...",images\61oSoHc7VtL._AC_UL320_.jpg,3990
"Mivi Roam 2 Bluetooth 5W Portable Speaker,24 Hours Playtime,Powerful Bass, Wireless Stereo Speaker with Studio Quality Sou...",images\81QP3C+rTbL._AC_UL320_.jpg,2999
"Zebronics ZEB-COUNTY 3W Wireless Bluetooth Portable Speaker With Supporting Carry Handle, USB, SD Card, AUX, FM & Call Fun...",images\81v-h4I5CCL._AC_UL320_.jpg,999
"Tribit XSound Go 16W 5.0 Bluetooth Speaker with Loud Sound & Rich Bass, 24H Playtime, IPX7 Waterproof, Wireless Stereo Pai...",images\71BJbii7jlL._AC_UL320_.jpg,3499
"boAt Aavante Bar 1750 2.1 Channel Bluetooth Soundbar with 120W RMS Signature Sound, Wireless Subwoofer, Multi-Compatibilit...",images\51NKG81AnyL._AC_UL320_.jpg,19990
ASIAN Men's Wonder-13 Sports Running Shoes,images\61utX8kBDlL._AC_UL320_.jpg,699
Campus Men's OXYFIT (N) Walking Shoe,images\61ePa5fEKnL._AC_UL320_.jpg,999
Campus Men's Maxico Running Shoes,images\81Pk4RiSKqL._AC_UL320_.jpg,1299
Campus Men's Rodeo-2 Running Shoes,images\6138Uxu+hvL._AC_UL320_.jpg,1299
Reebok Men's Energy Runner LP Nacho/Conavy/None Running Shoes,images\41dXa2CVvPL._AC_UL320_.jpg,2499
Nivia Airstrike Football Stud for Kids | TPU Sole with Direct Injection Molding Technology | A Moulded Removable E.VA| Pr...,images\71loisxWOEL._AC_UL320_.jpg,699
Fusefit Men's Fit Walk Running Shoe,images\71J86IKbS5L._AC_UL320_.jpg,1499
Sparx Men's Sm-675 Running Shoe,images\71u2XOFXAIL._AC_UL320_.jpg,999
Sparx Mens Sx0500g Running Shoe,images\41qqR0F0ThL._AC_UL320_.jpg,1099
"ASIAN Men's Cosko Sports Running,Walking,Gym,Training Sneaker Lace-Up Shoes for Men's & Boy's",images\61pYhDY8fxL._AC_UL320_.jpg,999
Sparx Men's Running Shoes,images\718SPSP6n5L._AC_UL320_.jpg,1499
"Van Heusen Athleisure Men Regular Fit Joggers - Cotton Rich - Smart Tech, Easy Stain Release, Anti Stat, Ultra Soft, Quick...",images\71vTCFrSkfL._AC_UL320_.jpg,1699
Bourge Men's Loire-z126 Running Shoes,images\71fC87DbLHL._AC_UL320_.jpg,1499
Giordano Sport Shoes for Men,images\61gOLIZRKLL._AC_UL320_.jpg,6190
U.S. POLO ASSN. Men's Regular fit T-Shirt,images\51BME9MSQkL._AC_UL320_.jpg,699
Merrell Men's Moab 2 Vent Low Rise Hiking Boots Grey (Castle Rock) 6.5 UK,images\81ujUbMJ0xL._AC_UL320_.jpg,17989.20
Bourge Mens Loire-z1 Running Shoes,images\81zwKsHAz0L._AC_UL320_.jpg,1499
Bourge Mens Vega-z5 Running Shoes,images\71POb9z3DKL._AC_UL320_.jpg,999
Protoner 16Kg PVC Combo Home Gym Package,images\71K-gcsnOYL._AC_UL320_.jpg,4999
"Unisex Hexagon Rubber Vinyl Fixed Dumbbell - Pair Set Hand Weights for Strength Training - Weight Loss, Workout Bench, Gym...",images\71pcrSXprsL._AC_UL320_.jpg,6450
LAFILLETTE 150 lbs Metal Hand Gripper Forearm Wrist Heavy Strength Exercise Hand Grip/Fitness Grip (Black),images\41oTg0XNbFL._AC_UL320_.jpg,1199
"Aurion Genuine Leather Pro Weight Lifting Belt, Durable Comfortable & Adjustable With Buckle, Stabilizing Lower Back Suppo...",images\813g2hRYuoL._AC_UL320_.jpg,899
SPIRO PVC (Round/Hex) Dumbbells (1 Kg. X 2 = 2 Kg) Pack of 2 for Home Gym Equipment Fitness Barbell|Gym Exercise|Home Work...,images\61VcW8otphL._AC_UL320_.jpg,200
"Pull up Bar for Home, Sportneer Adjustable Length Hanging Rod for Height Increase No Screws Anti-skid Grip Hanging Bar for...",images\61JDnhgeIuL._AC_UL320_.jpg,2399
Dr Trust AB Wheel (USA) Abdominal Exercise Ab Blaster Fitness Roller Wheel Equipment with Knee Mat for Men & Women (Black),images\81uD8dr+YbL._AC_UL320_.jpg,1500
Lycan Wrist/Ankle Weights 4 kg (2 kg Each x 2 pc),images\71scShG3UlL._AC_UL320_.jpg,1199
"OLAHRAGA Adjustable Hand Grip Strengthener Resistance from5-60 kg, Non-Slip Hand Gripper Perfect for Musicians Athletes an...",images\51DO2xw67zL._AC_UL320_.jpg,999
Kore (PVC/ Rubber/ Coloured Rubber/ Steel/ Professional Metal Integrted)Â  10 - 30 Kg Spare Weight Plates Combo,images\61eI78WDoQL._AC_UL320_.jpg,249
BABBY NEST Baby ON Board(Mumma Bump),images\61jV2qK3n9L._AC_UL320_.jpg,249
"Safe-O-Kid Waterproof Rain Cover, Wind Shield Cover for Baby Pram/Strollers, Transparent",images\718tdBuSnJL._AC_UL320_.jpg,599
"Luv Lap Galaxy Baby Stroller, Pram for Baby with 5 Point Safety Harness, Spacious Cushioned seat with Multi Level seat Rec...",images\71cp4s8wxwL._AC_UL320_.jpg,7799
"Luv Lap City Stroller/Buggy, Compact & Travel Friendly, for Baby/Kids, 6-36 Months (Black)",images\81ehYUxOkfL._AC_UL320_.jpg,4799
"SNOWIE SOFTÂ® Mosquito Net for Baby Carriage Stroller Pram,Carriers, Car Seats, Cradles, Mosquito Net Plus Size for Baby 0 ...",images\71xU5Ci8WpS._AC_UL320_.jpg,376
1st Step Yoyo Baby Stroller with 5 Point Safety Harness and Reversible Handlebar Stroller for Baby|Kids|Infants|New Born|B...,images\81-qXKuRF-L._AC_UL320_.jpg,5299
"R for Rabbit Picaboo Baby Carry Cot, 4 in 1 Multi Purpose Kids Carry Cot, Infant Car Seat, Rocker for Infant Babies of 0 t...",images\617zs3c6R0L._AC_UL320_.jpg,4797
"R for Rabbit Pixie Toddles Buggy and Stroller, Baby Stroller and Buggy for Baby, New Born, Kids - Buggy for Kids, Travel F...",images\71kYV6CCiXL._AC_UL320_.jpg,3996
"Tender Care 5 in 1 Baby Cozy Carry Cot Cum Rocker, Premium Velvet Cloth (Brown)",images\81qfwPL8KxL._AC_UL320_.jpg,2100
"StarAndDaisy EasyGo Travel Friendly Luxury Baby Stroller/pram/Buggy with high Landscape seat, one-Push Folding, Convertibl...",images\41ij5m3D4kL._AC_UL320_.jpg,12999
Skybags Treble-FIFA 68cm Printed Polycarbonate Hardsided Medium Luggage 8 Wheel Anti Theft Zipper Blue & White Trolley,images\71C5GfgxW2L._AC_UL320_.jpg,14500
Tommy Hilfiger Plastic Hard 66 cms Luggage (8903496149791_Green),images\41lIioNQ3NS._AC_UL320_.jpg,7999
Samsonite Polyester Hard 68 Cms Luggage- Suitcase(Kd8 (0) 09 I02_Black),images\71XSVc5fxgL._AC_UL320_.jpg,18800
Skybags Polycarbonate Hard 21 Cms Suitcase(_Blue),images\51euSZMWAnL._AC_UL320_.jpg,10043.04
Skybags Game-ON FIFA 79cm Printed Polycarbonate Hardsided Large Luggage 4 Wheel Yellow & Green Trolley,images\710caoNQ4XL._AC_UL320_.jpg,17400
"OBANI Faux Leather Mini Briefcase Brown. Dimensions: 12"" x 8"" x 3"" (L x W x H)",images\81MohdDYVPL._AC_UL320_.jpg,3600
"American Tourister Krypton Strolly 69Cm, Red Polycarbonate Expandable Hard Suitcase",images\61Q19URNH6L._AC_UL320_.jpg,12500
Fiable Cleantech FPT 150 Platform Trolley | Wheeled Trolley | 150 Kg Load Capacity Platform Trolley | Push Trolley | Porta...,images\31kY5ceAf8S._AC_UL320_.jpg,9999
TRUMPKIN / Medium Size / Check in-Luggage / Polyester / Softsided / 2 Wheel Trolley / Single Bag / 66cm / Qty 1 / Scottish...,images\81yE-aYX1uL._AC_UL320_.jpg,2250
"AmazonBasics Geometric Travel Luggage Expandable Spinner Suitcase with Wheels and Built-In TSA Lock, 28 Inch - Cream",images\71DW1stVnvL._AC_UL320_.jpg,13000
Fastrack Oval Unisex Sunglasses (P188BR1F|Pink & Black) - Pack of 1,images\61s9NMJ-wsL._AC_UL320_.jpg,1399
NUVeW Mirrored Sports Unisex Sunglasses - (Color Variants Available | Large),images\61fNyfHaCbL._AC_UL320_.jpg,1245
ENRICO Women's Full Rim Cateye Sunglasses | UV Protected Anti-glare Sunglasses | Cateye Sunglasses for Women (EN E 3033),images\714gIm20B4L._AC_UL320_.jpg,1800
Royal Son Women Cat Eye Over Sized Sunglasses,images\61uJJTBKHeL._AC_UL320_.jpg,1499
GUESS Gradient Butterfly Women's Sunglasses 7383 45F|58|Brown Color Lens,images\51Fkb05aW4L._AC_UL320_.jpg,9990
Ameyes Blue Ocean Gradient Cat Eye Women sunglasses (AB 1121 C2 60 S |60| Grey Color Lens),images\51SnMeXHDES._AC_UL320_.jpg,2595
BAERFIT Woman Butterfly Sunglasses | Butterfly look Sunglasses for Woman | Light weight Sunglasses for Women,images\61DDcCKDaCL._AC_UL320_.jpg,699
rofek UV400 Protective Stylish Rimless Diamond Cutting Lens Sunglasses for Women | Women Oversized Butterfly Sunglasses | ...,images\41G+yYwHX-L._AC_UL320_.jpg,999
"Ratanshala- Round Beaded Eyeglasses Chain for Women, Sunglasses Chain, Reading Glasses Holder,Lanyard for Face Mask, Cryst...",images\41y4diqKDaL._AC_UL320_.jpg,999
"Fastrack Women's Round Sunglasses Black Frame, Black Lens (54)-Pack of 1",images\613RPRB0odL._AC_UL320_.jpg,1999
Allen Solly Men's Regular Fit Polo,images\71eUwDk8z+L._AC_UL320_.jpg,1099
Van Heusen Men's Regular Fit Polo Shirt,images\71ISzvgAl2L._AC_UL320_.jpg,1099
Scott International Men's Regular Fit T-Shirt (Pack of 3),images\71HBNT3R66L._AC_UL320_.jpg,2397
TOPLOT T-Shirt for Men||T Shirt||White T-Shirt for Men||T-Shirt for Boys||Regular Fit T-Shirt for Mens||T Shirt for Men||t...,images\71GITfTSeRL._AC_UL320_.jpg,1999
Amazon Brand - Symbol Men's Regular Polo Shirt,images\51K0XmUVDPL._AC_UL320_.jpg,1099
LEOTUDE Women's Cottonblend Half Sleeve Oversized T-Shirts (Color: Orange),images\61bzvKukDhL._AC_UL320_.jpg,1099
Chromozome Men Mens Tshirts,images\71X7pa5hBTL._AC_UL320_.jpg,915
London Hills Solid Men Half Sleeve Pure Cotton Round Neck T-Shirt,images\71tJWaahoDL._AC_UL320_.jpg,1299
Amazon Brand - Symbol Men's Regular Fit T-Shirt,images\71xpdVWXoQL._AC_UL320_.jpg,699
Adidas Men's Regular Polo Shirt,images\714emthUQuL._AC_UL320_.jpg,1799
"Konvio Neer Imported Total Dissolved Solids Meter, Water Quality Tester, PPM Tester For Household Drinking Water, Swimming...",images\41T7y64PCiS._AC_UL320_.jpg,699
"Asian Paints TruCare Carbon Steel Measuring Tape Strip | With Thumb Lock and Belt Clip (5m, White)",images\51v4maUtHIL._AC_UL320_.jpg,299
STANLEY STHT36127-812 5 Meter Plastic Short Measuring Tape (5m) (Yellow),images\41unYMcqpZL._AC_UL320_.jpg,154
"IONIX TDS Meter, (6 Month Warranty) TDS meter for water testing best, TDS meter for water testing, Water TDS meter digital...",images\51wX68RV-CL._AC_UL320_.jpg,5950
STANLEY STHT36125-812 3 Meter Plastic Short Measuring Tape (Yellow),images\71SDsLpN4VL._AC_UL320_.jpg,108
Rushwak Body Measuring Tape Retractable inch tape for measurement for body with Lock Pin and Push Button 150cm Tape Measur...,images\61jst+cLRWL._AC_UL320_.jpg,299
Themisto TH-M98 Digital Multimeter (Black 2000 Counts),images\51i3IG7QaGS._AC_UL320_.jpg,699
STANLEY 66-137 Digital Detection Tester and Screwdriver (Black),images\61RJRtzi55L._AC_UL320_.jpg,159
GLUN Pre-Calibrated Pen Type Digital LCD TDS Meter Tester for Water Quality Testing (Ppm),images\414CypdJeWL._AC_UL320_.jpg,999
D-FantiX Battery Tester Universal Battery Checker for AA AAA C D 9V 1.5V Button Cell Batteries (Model: BT-168),images\614QGQteu7L._AC_UL320_.jpg,499
"DURACELL 36 Watts Fast Wall Charger Adapter, Type C Power Delivery & QC 3.0 USB Charger Fast Charging Compatible with iPho...",images\51tS-cfYoXL._AC_UL320_.jpg,2799
DearJoy Big Fibre Filled Baby Pillow and Stuffed Animal Elephant Soft Toy of Plush Hugging Pillow Material for Kids Boy/Gi...,images\71XB26V+weL._AC_UL320_.jpg,2000
"Centy Toys Plastic Pull Back Auto Rickshaw, Number Of Pieces: 1, Multicolour",images\51uB7i1cw+L._AC_UL320_.jpg,186
"Skillmatics Board Game - Rapid Rumble, Educational and Clever Category Game, Games for Kids, Teens & Adults",images\71wSRIuoKPL._AC_UL320_.jpg,699
Harry Potter 1â€“3 Box Set: A Magical Adventure Begins,images\8179uEK+gcL._AC_UL320_.jpg,1050
"zest 4 toyz Globe for Kids, Stem Steam Educational World Globe with Magnifying Glass for Kids/Political Globe/Office Glob...",images\91czD7X8hvL._AC_UL320_.jpg,1499
"Aashirvaad Nature's Super Foods Organic Arhar/Tur Dal Pouch, 500 g",images\81w70rw+zeL._AC_UL320_.jpg,130
"Drawing Book A4 Size Approx | Plain Sketch Pad for Kids, Students & Artists | 34 White Blank Unruled Pages | 29.5 x 21 cm...",images\71pPoltmRuL._AC_UL320_.jpg,150
"pTron Volta 12W Fast Charging USB Wall Charger with 1m Micro USB Cable, Made in India, BIS Certified Single Port USB Wall ...",images\51gz0Mjm5qL._AC_UL320_.jpg,1600
Cubelelo QiYi QiDi S 2x2 Stickerless Speedcube Puzzle for Kids & Adults Magic Speedy Stress Buster Brainstorming Puzzle Cu...,images\610yCtxYZSL._AC_UL320_.jpg,899
Imagimake: Mapology World with Flags & Capitals- with Country Shaped Pieces- Jigsaw Puzzle and Educational Toy for Boys an...,images\61SiDgrKGrL._AC_UL320_.jpg,799
"The Flyers Bay Rc Stunt 360Â° Remote Control Car, Multicolor",images\61Ha7QuWoYL._AC_UL320_.jpg,999
"WireScorts Chargebale Plastic Racing Car for Kids with Remote Control, Pack of 1, Multicolored",images\61I99PHka+L._AC_UL320_.jpg,1599
"Einstein Box Featuring Disney for 4-5-6 Year Old Boys/Girls | Disney Gift Toys for Kids | Learning and Educational Toys, G...",images\615PjAsHO-L._AC_UL320_.jpg,999
Creative's Fun with Words pack of 1,images\71MVzFCrFnL._AC_UL320_.jpg,320
Imagimake Mapology India Map Puzzles - Geography for Kids - Learning & Educational Toys - Puzzles for Kids Ages 4-8 - Gift...,images\91f16Xj4JXL._AC_UL320_.jpg,299
"Creative Educational Aids Match 'N' Learn, The first Memory Game, 56 pieces (31 Set of two Piece Matching Picture Cards)",images\71QOF1QrYML._AC_UL320_.jpg,275
Frank - 10202 The Jungle Puzzle for 3 Year Old Kids and Above,images\81RtfZ+YQdL._AC_UL320_.jpg,110
"Einstein Box for 2 Year Old Baby Boys and Girls, Learning and Educational Gift Pack of Toys and Books-Cardboard,Multicolour",images\61b0qbjPKOL._AC_UL320_.jpg,999
"Funskool Plastic Stacking Multicolored Cubes, Blocks With Alphabet, Helps To Sort, Stack And Nest, 12 Months & Above, Infa...",images\712XSu7Fz3L._AC_UL320_.jpg,175
"Alfisha Nylon Waterproof Strolley Luggage Duffle Bag with 2 Wheels (Brown, 55 L)",images\81wDluT18EL._AC_UL320_.jpg,1299
TAGUDA travel foldable portable lightweight luggage storage duffle tote hand organizer easy carry bags backpack set for me...,images\5123aRINmQL._AC_UL320_.jpg,529
Gear polyester 24 Cms Duffle Bag(METRO NEW MAXIS DUFFELL CUM BACKPACK_grey),images\91uMNPcR9KL._AC_UL320_.jpg,1599
Skybags Polyester 31 Cms Duffle Bag(SKYBAGSefwe1_ Multicolour),images\81Ht3aG8O7L._AC_UL320_.jpg,4820
Avila Lightweight Travel Duffel Bag for Men and Women with Wheels-Brown,images\91N-yKhO7jL._AC_UL320_.jpg,1299
Rexez nylon 7 Cms Duffle Bag(FTB-1_multi),images\31DRq35OKYL._AC_UL320_.jpg,999
American Tourister Poler Polyester 57 cms Black Travel Duffle (FW8 (0) 09 001),images\81koqvWeuoL._AC_UL320_.jpg,3390
G MALL Foldable Travel Bag Tote Lightweight Waterproof Duffel Bag Carry Storage Luggage Portable Folding Bag (Foldable Tra...,images\51Be8QtX0nL._AC_UL320_.jpg,600
"Sunesh Creation 6 Compartment Cell Foldable Travel Watch Storage Bag Cover/Organizer with Durable Zip (Golden, 24x41 cm), ...",images\71yumt-BWhL._AC_UL320_.jpg,999
Skybags polyester 23 Cms Duffle Bag(INVALID DATA_Orange),images\81SpcSPIvML._AC_UL320_.jpg,6620
"Cetaphil Moisturising Cream for Face & Body , Dry to very dry skin, 80 gm",images\61pK4c7UNiL._AC_UL320_.jpg,465
"Minimalist 10% Niacinamide Face Serum for Acne Marks, Blemishes & Oil Balancing with Zinc | Skin Clarifying Anti Acne Seru...",images\61sR7sZoEBL._AC_UL320_.jpg,599
"Surf Excel Matic Top Load Liquid Detergent 3.2 L Refill, Designed for Tough Stain Removal on Laundry in Washing Machines -...",images\61KFEAQk4GL._AC_UL320_.jpg,700
"Mee Mee Caring Baby Wet Wipes with lid, 72 Pcs (Aloe Vera, Pack of 3)",images\61Tp3OSU9sL._AC_UL320_.jpg,297
"Himalaya Baby Cream, Face Moisturizer & Day Cream, For Dry Skin 200ml",images\51uU0AFPIsL._AC_UL320_.jpg,260
"Dabur Honey :100% Pure World's No.1 Honey Brand with No Sugar Adulteration , Squeezy Pack - 400g (Buy 1 Get 1 Free)",images\815Eav5ouyS._AC_UL320_.jpg,300
Happilo Premium Seedless Green Raisins 500g Value Pack| Kishmish | Nutritious| Rich in Iron,images\81g2WDX2zNL._AC_UL320_.jpg,325
Plum 15% Vitamin C Face Serum with Mandarin | Serum for Face Glowing and Whitening | with Pure Ethyl Ascorbic Acid for Hyp...,images\517GXTs8E3L._AC_UL320_.jpg,550
"L'OrÃ©al Paris Shampoo, For Damaged and Weak Hair, With Pro-Keratin + Ceramide, Total Repair 5, 1ltr",images\413EKfEq0QL._AC_UL320_.jpg,1099
Ariel Matic Liquid Detergent Front Load 2 Ltr + 500ml Free,images\61EEVNqvYWL._AC_UL320_.jpg,605
"Samsung 7 kg Fully-Automatic Top Loading Washing Machine (WA70A4002GS/TL, Imperial Silver, Diamond drum)",images\510mV2GAtkL._AC_UL320_.jpg,21000
"Samsung 7 Kg Inverter 5 Star Fully-Automatic Top Load Eco Bubble Washing Machine (WA70BG4441YYTL, Bubble Storm Technology,...",images\61Ct6+KF4AL._AC_UL320_.jpg,22500
"Samsung 6.5 Kg 5 Star Inverter Fully-Automatic Top Loading Washing Machine (WA65T4262FS/TL , Silver, Wobble technology)",images\61Mt19diw9L._AC_UL320_.jpg,23900
"LG 7 Kg 5 Star Inverter Fully-Automatic Top Loading Washing Machine (T70SKSF1Z, Middle Free Silver, Smart Motion & TurboDrum)",images\71xTwKIBX-L._AC_UL320_.jpg,27990
"Samsung 7.0 Kg 5 Star Semi-Automatic Top Loading Washing Machine (WT70M3000UU/TL, LIGHT GRAY, Double Storm Pulsator)",images\71StafL7njL._AC_UL320_.jpg,13500
"Samsung 6.0 Kg Inverter 5 Star Fully-Automatic Front Loading Washing Machine (WW60R20GLMA/TL, White, Hygiene Steam)",images\71zBUvib7WL._AC_UL320_.jpg,26900
"LG 7 Kg 5 Star Semi-Automatic Top Loading Washing Machine (P7020NGAZ, Dark Gray, Wind Jet Dry)",images\61xtcXJfYaL._AC_UL320_.jpg,16090
"Whirlpool 7 Kg 5 Star Royal Fully-Automatic Top Loading Washing Machine (WHITEMAGIC ROYAL 7.0 GENX, Grey, Hard Water Wash)",images\41h+ARl935L._AC_UL320_.jpg,18950
"Whirlpool 6.5 Kg 5 Star Royal Fully-Automatic Top Loading Washing Machine (WHITEMAGIC ROYAL 6.5 GENX, Grey, Hard Water Wash)",images\41fM+QFtaQL._AC_UL320_.jpg,18450
"Whirlpool 7 Kg 5 Star Semi-Automatic Top Loading Washing Machine (SUPERB ATOM 70I Grey Dazzle, TurboScrub Technology)",images\51TGSdVI1aL._AC_UL320_.jpg,12600
LEOTUDE Women's Cottonblend Half Sleeve Oversized T-Shirts (Color: Orange),images\61iKv6-unXL._AC_UL320_.jpg,1099
Alexvyan Women Warm Thick Fur Lined Fleece Thermal Soft Legging Winter Slim Fit Tights Stocking,images\41kY+dxDpzL._AC_UL320_.jpg,1299
Electomania Women's Silk Underskirt (SH02399_White_Free Size),images\41rS-qOPTwL._AC_UL320_.jpg,1999
Jockey Women's Slim fit Vest,images\712mDx1kwxL._AC_UL320_.jpg,269
SIGHTBOMB WRAP Around Extended Sleeves Ribbed Tops for Women (Free Size),images\61WHrBI-ZVL._AC_UL320_.jpg,1200
SATYAM KRAFT 1 Pcs Women's Retro Stretchy Metal Buckle Skinny Adjustable Stylish Design Ladies Waist Belts for Fancy Girl...,images\31J0jBdZCOL._AC_UL320_.jpg,1200
KOTTY Women Polyester Blend Green Solid Trousers,images\51h3eNxDaRL._AC_UL320_.jpg,1999
HSR Women Stylish Sleeveless High Mock Neck Stretchable Knit Regular Fit Tank Top (Free Size),images\51CHzirfbnL._AC_UL320_.jpg,999
Aahwan Women's & Girls' Solid Ribbed Square Neck Tank Tops,images\615pREhXdPL._AC_UL320_.jpg,999
SIGHTBOMB Heart Neck Extended Sleeves Ribbed Tops for Women,images\51RQrauiUrL._AC_UL320_.jpg,1200
Dr Trust TPE Premium Luxfoam Yoga Mat for Gym Workout and Flooring Exercise Yoga Mat for Men and Women Fitness - 317,images\81wvPXmY45L._AC_UL320_.jpg,4000
"QUADA Ankle Brace Support Sleeve (1 Pair) - Best Ankle Compression Socks for Plantar Fasciitis, Arch Support, Foot & Ankle...",images\51u4ZZ7A8aL._AC_UL320_.jpg,699
AmazonBasics 6 mm Thick TPE Yoga Mat,images\71NNoJ8-gaL._AC_UL320_.jpg,2700
"AmazonBasics 13 mm Thick NBR Yoga Mat, Yoga Belt, 2 Blocks & 2 Fast Drying Towels - 6 Piece Set, Grey",images\81C6wmEfWoL._AC_UL320_.jpg,5800
JUARI BE A GENTLEMAN Sleeveless Gym Vest for Men Set of 3,images\71YK7nS6BCL._AC_UL320_.jpg,1497
OJS Yoga Mat for Women and Men with Carry Strap EVA Material 4mm Exercise Mat for Workout Yoga Fitness and Meditation (4M...,images\71-3iIPoIFL._AC_UL320_.jpg,999
"QUADA Ankle Compression Sleeve,Nano Sock Arch & Ankle Support for Men & Women (1 Pair),Medical Foot & Ankle Brace for Runn...",images\41G-u7wE3pL._AC_UL320_.jpg,699
Jump Cuts Mens Printed Hooded Neck Full Sleeve Black Cotton Slim Fit T-Shirt,images\61Piw8KGZ0L._AC_UL320_.jpg,1519
"JUST RIDER Gym Compression Men's Skin Tight Shorts with Mobile Pocket for Gym, Running, Cycling, Swimming, Basketball, Cri...",images\51YAgbGiBoL._AC_UL320_.jpg,999
"Yoga Mat â€“ PESOMA Premium Thick Mat, High Performance Grip, Ultra Dense Cushioning for Support and Stability in Yoga, Pila...",images\51E01r4E-XL._AC_UL320_.jpg,2599
